case_track,case_family,status_group,source_scope,epoch,address,amount_gonka,amount_ngonka,source_file,source_repo_head,note
P3-CAND-02,P3-CAND-02,local_validated_recommended,settle_drop_epoch_cell,97,gonka19nd876302m3ll2h7sd55hp9pqzv2hpqalh8pjj,8.432384134,8432384134,/private/tmp/unclaimed-check/unclaimed.csv,gonkavip/unclaimed@658d62b,Negative-balance settle-drop amount from nonzero epoch cell.
P3-CAND-02,P3-CAND-02,local_validated_recommended,settle_drop_epoch_cell,112,gonka10kmsyy00yxnky2xfqy9wce0l7uaadq4jjp3ykg,7.993576578,7993576578,/private/tmp/unclaimed-check/unclaimed.csv,gonkavip/unclaimed@658d62b,Negative-balance settle-drop amount from nonzero epoch cell.
P3-CAND-02,P3-CAND-02,local_validated_recommended,settle_drop_epoch_cell,116,gonka12l3fwycgvs9tdpze59za89zq4cexhkxddafxdh,150.749450599,150749450599,/private/tmp/unclaimed-check/unclaimed.csv,gonkavip/unclaimed@658d62b,Negative-balance settle-drop amount from nonzero epoch cell.
P3-CAND-02,P3-CAND-02,local_validated_recommended,settle_drop_epoch_cell,116,gonka1598sglu00mktw3973jmwsu3vdw29mgcfjleju2,71.065864191,71065864191,/private/tmp/unclaimed-check/unclaimed.csv,gonkavip/unclaimed@658d62b,Negative-balance settle-drop amount from nonzero epoch cell.
P3-CAND-02,P3-CAND-02,local_validated_recommended,settle_drop_epoch_cell,116,gonka15fpzwc7d2z3r4y5475p6k7uqknnkj38gsus3d9,7.100517600,7100517600,/private/tmp/unclaimed-check/unclaimed.csv,gonkavip/unclaimed@658d62b,Negative-balance settle-drop amount from nonzero epoch cell.
P3-CAND-02,P3-CAND-02,local_validated_recommended,settle_drop_epoch_cell,116,gonka170wwtpvhwzgghd638z84z35gjggl7cvyzrkh8p,156.696892692,156696892692,/private/tmp/unclaimed-check/unclaimed.csv,gonkavip/unclaimed@658d62b,Negative-balance settle-drop amount from nonzero epoch cell.
P3-CAND-02,P3-CAND-02,local_validated_recommended,settle_drop_epoch_cell,116,gonka1h9asnq9x2kux2m8pcwaeegljzmd4ym4h26p07n,33.560566095,33560566095,/private/tmp/unclaimed-check/unclaimed.csv,gonkavip/unclaimed@658d62b,Negative-balance settle-drop amount from nonzero epoch cell.
P3-CAND-02,P3-CAND-02,local_validated_recommended,settle_drop_epoch_cell,116,gonka1hjjse9r0zfe0q8k4hfe4t5xuzstjqvky7dnj05,56.561388067,56561388067,/private/tmp/unclaimed-check/unclaimed.csv,gonkavip/unclaimed@658d62b,Negative-balance settle-drop amount from nonzero epoch cell.
P3-CAND-02,P3-CAND-02,local_validated_recommended,settle_drop_epoch_cell,116,gonka1hmjjq6ghykww8f8ujajnnmu2dpk2drrth8mtva,11.227314154,11227314154,/private/tmp/unclaimed-check/unclaimed.csv,gonkavip/unclaimed@658d62b,Negative-balance settle-drop amount from nonzero epoch cell.
P3-CAND-02,P3-CAND-02,local_validated_recommended,settle_drop_epoch_cell,116,gonka1jt5mqrx0yg5k6qdqhnkc4kpya4mzy52ngyh34c,19.116778155,19116778155,/private/tmp/unclaimed-check/unclaimed.csv,gonkavip/unclaimed@658d62b,Negative-balance settle-drop amount from nonzero epoch cell.
P3-CAND-02,P3-CAND-02,local_validated_recommended,settle_drop_epoch_cell,116,gonka1lh0danzlvxm5qtaly7myqd3n5sus0fq92n8shx,182.307306602,182307306602,/private/tmp/unclaimed-check/unclaimed.csv,gonkavip/unclaimed@658d62b,Negative-balance settle-drop amount from nonzero epoch cell.
P3-CAND-02,P3-CAND-02,local_validated_recommended,settle_drop_epoch_cell,116,gonka1mmwngrtpc4fd4jquv5vfsnscqdzmcz0zgrvy0g,15.900304370,15900304370,/private/tmp/unclaimed-check/unclaimed.csv,gonkavip/unclaimed@658d62b,Negative-balance settle-drop amount from nonzero epoch cell.
P3-CAND-02,P3-CAND-02,local_validated_recommended,settle_drop_epoch_cell,116,gonka1pks9m29wqac2kxdj8v8acq58rjshh6u8y2a772,243.541684885,243541684885,/private/tmp/unclaimed-check/unclaimed.csv,gonkavip/unclaimed@658d62b,Negative-balance settle-drop amount from nonzero epoch cell.
P3-CAND-02,P3-CAND-02,local_validated_recommended,settle_drop_epoch_cell,116,gonka1q3n37e2uc4npkheyjllx2ztx5yh42rk6vz3kgn,27.431059448,27431059448,/private/tmp/unclaimed-check/unclaimed.csv,gonkavip/unclaimed@658d62b,Negative-balance settle-drop amount from nonzero epoch cell.
P3-CAND-02,P3-CAND-02,local_validated_recommended,settle_drop_epoch_cell,116,gonka1qx3znmtpxqgmz3t4tgpdk68dsfxuccn6cxnp8s,25.489037540,25489037540,/private/tmp/unclaimed-check/unclaimed.csv,gonkavip/unclaimed@658d62b,Negative-balance settle-drop amount from nonzero epoch cell.
P3-CAND-02,P3-CAND-02,local_validated_recommended,settle_drop_epoch_cell,116,gonka1t88kkvnrayz5l2u043tccd2pks4rt8y346z9dv,4.551613846,4551613846,/private/tmp/unclaimed-check/unclaimed.csv,gonkavip/unclaimed@658d62b,Negative-balance settle-drop amount from nonzero epoch cell.
P3-CAND-02,P3-CAND-02,local_validated_recommended,settle_drop_epoch_cell,116,gonka1xy9py6zlxsum2m0z422qwa0um6au7ls4r65ky8,32.043361480,32043361480,/private/tmp/unclaimed-check/unclaimed.csv,gonkavip/unclaimed@658d62b,Negative-balance settle-drop amount from nonzero epoch cell.
P3-CAND-02,P3-CAND-02,local_validated_recommended,settle_drop_epoch_cell,129,gonka1t8jjpaq2m0svru73kh9l0m62e7lr7qxxw6uvea,7.470360710,7470360710,/private/tmp/unclaimed-check/unclaimed.csv,gonkavip/unclaimed@658d62b,Negative-balance settle-drop amount from nonzero epoch cell.
P3-CAND-02,P3-CAND-02,local_validated_recommended,settle_drop_epoch_cell,132,gonka105ce4495mj0mwkxqeasgdzqfq5jjrfq32eza5l,14.096689777,14096689777,/private/tmp/unclaimed-check/unclaimed.csv,gonkavip/unclaimed@658d62b,Negative-balance settle-drop amount from nonzero epoch cell.
P3-CAND-06,P3-CAND-06,pending_estimate,included_before_overlap_review,263,gonka1830lqug50lse998x2lakk4pj5ypfumz5pasz0y,1953.032509538,1953032509538,validations/P3-CAND-06-pre-fix-confirmation-accounting/case6_gross_compensation_calculation.csv,local validation package,Gross candidate amount; do not treat as approved payout until policy and overlap review are complete.
P3-CAND-06,P3-CAND-06,pending_estimate,included_before_overlap_review,263,gonka19cjm4c5mt3j3qdr8vhytmm4hef3pnkvkm0x7m2,1915.652591432,1915652591432,validations/P3-CAND-06-pre-fix-confirmation-accounting/case6_gross_compensation_calculation.csv,local validation package,Gross candidate amount; do not treat as approved payout until policy and overlap review are complete.
P3-CAND-06,P3-CAND-06,pending_estimate,included_before_overlap_review,263,gonka1ujnc662v6g69jm6fgxnr79a2m7ehzeut059239,4850.385431974,4850385431974,validations/P3-CAND-06-pre-fix-confirmation-accounting/case6_gross_compensation_calculation.csv,local validation package,Gross candidate amount; do not treat as approved payout until policy and overlap review are complete.
P3-CAND-06,P3-CAND-06,pending_estimate,included_before_overlap_review,264,gonka14g78ez2zy08k8sssue483zmfpgd4qut8zcwlqc,2019.930762224,2019930762224,validations/P3-CAND-06-pre-fix-confirmation-accounting/case6_gross_compensation_calculation.csv,local validation package,Gross candidate amount; do not treat as approved payout until policy and overlap review are complete.
P3-CAND-06,P3-CAND-06,pending_estimate,included_before_overlap_review,264,gonka18xeqnspxpg2vncufnjne485rkaagwvz7whyn0d,2019.930762224,2019930762224,validations/P3-CAND-06-pre-fix-confirmation-accounting/case6_gross_compensation_calculation.csv,local validation package,Gross candidate amount; do not treat as approved payout until policy and overlap review are complete.
P3-CAND-06,P3-CAND-06,pending_estimate,included_before_overlap_review,264,gonka1xwkesaxvdadh9wt9yyladu0r260s7whklcktds,1970.264959744,1970264959744,validations/P3-CAND-06-pre-fix-confirmation-accounting/case6_gross_compensation_calculation.csv,local validation package,Gross candidate amount; do not treat as approved payout until policy and overlap review are complete.
P4-e265-source-cpoc,P4-CAND-01,disputed_not_aggregate,e265_cpoc_attack_attributed,265,gonka17pw6099q758qwzewtrqmqpf5c2lrhr97fwqexu,5444.485833019,5444485833019,validations/P4-CAND-01-kimi-restitution/source_cache/votkon_e265_compensation_265.csv,votkon/gonka-kimi-restitution@5462c55,P4 source e265 cPoC/attack-attributed row; aggregate is disputed.
P4-e265-source-cpoc,P4-CAND-01,disputed_not_aggregate,e265_cpoc_attack_attributed,265,gonka1830lqug50lse998x2lakk4pj5ypfumz5pasz0y,4251.091849709,4251091849709,validations/P4-CAND-01-kimi-restitution/source_cache/votkon_e265_compensation_265.csv,votkon/gonka-kimi-restitution@5462c55,P4 source e265 cPoC/attack-attributed row; aggregate is disputed.
P3-CAND-06,P3-CAND-06,pending_estimate,included_before_overlap_review,265,gonka1cuwejs77gectp3n32wg8q27hlsa4m3hqspf4ww,335.927643572,335927643572,validations/P3-CAND-06-pre-fix-confirmation-accounting/case6_gross_compensation_calculation.csv,local validation package,Gross candidate amount; do not treat as approved payout until policy and overlap review are complete.
P3-CAND-03-EXT,P3-CAND-03,local_validated_recommended,same_address_epoch_265_extension,265,gonka1j7x6dv42xehe9e5au4ku3wvzwtqlegfjhlvzj6,20896.527179100,20896527179100,/private/tmp/GRC-e267-kimi_shortfall-check/BROADER_REVIEW.md,gonkalabs/GRC-e267-kimi_shortfall@9e372ae,Same-address Kimi cPoC shortfall extension recommended for Case 3.
P4-e265-source-cpoc,P4-CAND-01,disputed_not_aggregate,e265_cpoc_attack_attributed,265,gonka1j7x6dv42xehe9e5au4ku3wvzwtqlegfjhlvzj6,20896.527179100,20896527179100,validations/P4-CAND-01-kimi-restitution/source_cache/votkon_e265_compensation_265.csv,votkon/gonka-kimi-restitution@5462c55,P4 source e265 cPoC/attack-attributed row; aggregate is disputed.
P4-e266-nonce,P4-CAND-01,pending_estimate,e266_nonce_scope,266,gonka10mmdjau4dnj8krs7sh7t7635ttnmq9u3vqgz09,11068.294374485,11068294374485,validations/P4-CAND-01-kimi-restitution/source_cache/votkon_e266_compensation_266_nonces.csv,votkon/gonka-kimi-restitution@5462c55,P4 source e266 nonce-scope row; compensability split still under review.
P4-e266-nonce,P4-CAND-01,pending_estimate,e266_nonce_scope,266,gonka125n6kr5gvdup0lndfkps7t6rd6592panhrg3np,2013.418364780,2013418364780,validations/P4-CAND-01-kimi-restitution/source_cache/votkon_e266_compensation_266_nonces.csv,votkon/gonka-kimi-restitution@5462c55,P4 source e266 nonce-scope row; compensability split still under review.
P4-e266-delegation,P4-CAND-01,pending_estimate,e266_delegation_scope,266,gonka12pcu9mcrpa4w4sjd9y3dsksnvu495ss6f9r4ra,1166.439755518,1166439755518,validations/P4-CAND-01-kimi-restitution/source_cache/votkon_e266_compensation_266_delegation.csv,votkon/gonka-kimi-restitution@5462c55,P4 source e266 delegation row; compensability split still under review.
P4-e266-nonce,P4-CAND-01,pending_estimate,e266_nonce_scope,266,gonka13a4v8gxxjav5t4xq5y9cv9d8rfnvkjfw5adqz3,521.637814838,521637814838,validations/P4-CAND-01-kimi-restitution/source_cache/votkon_e266_compensation_266_nonces.csv,votkon/gonka-kimi-restitution@5462c55,P4 source e266 nonce-scope row; compensability split still under review.
P4-e266-delegation,P4-CAND-01,pending_estimate,e266_delegation_scope,266,gonka14ef2pxjge75gflqftn7m2wy0xv59gq9uc7qnct,15.595183567,15595183567,validations/P4-CAND-01-kimi-restitution/source_cache/votkon_e266_compensation_266_delegation.csv,votkon/gonka-kimi-restitution@5462c55,P4 source e266 delegation row; compensability split still under review.
P4-e266-nonce,P4-CAND-01,pending_estimate,e266_nonce_scope,266,gonka14ef2pxjge75gflqftn7m2wy0xv59gq9uc7qnct,260.818907419,260818907419,validations/P4-CAND-01-kimi-restitution/source_cache/votkon_e266_compensation_266_nonces.csv,votkon/gonka-kimi-restitution@5462c55,P4 source e266 nonce-scope row; compensability split still under review.
P4-e266-nonce,P4-CAND-01,pending_estimate,e266_nonce_scope,266,gonka17pw6099q758qwzewtrqmqpf5c2lrhr97fwqexu,42339.886222020,42339886222020,validations/P4-CAND-01-kimi-restitution/source_cache/votkon_e266_compensation_266_nonces.csv,votkon/gonka-kimi-restitution@5462c55,P4 source e266 nonce-scope row; compensability split still under review.
P4-e266-nonce,P4-CAND-01,pending_estimate,e266_nonce_scope,266,gonka18xeqnspxpg2vncufnjne485rkaagwvz7whyn0d,2024.071372001,2024071372001,validations/P4-CAND-01-kimi-restitution/source_cache/votkon_e266_compensation_266_nonces.csv,votkon/gonka-kimi-restitution@5462c55,P4 source e266 nonce-scope row; compensability split still under review.
P4-e266-nonce,P4-CAND-01,pending_estimate,e266_nonce_scope,266,gonka1c6fwzedfsmpu4jnjekv4cn7mvr7x7fuqd6uqt9,4122.713794551,4122713794551,validations/P4-CAND-01-kimi-restitution/source_cache/votkon_e266_compensation_266_nonces.csv,votkon/gonka-kimi-restitution@5462c55,P4 source e266 nonce-scope row; compensability split still under review.
P4-e266-delegation,P4-CAND-01,pending_estimate,e266_delegation_scope,266,gonka1cuwejs77gectp3n32wg8q27hlsa4m3hqspf4ww,108.366531966,108366531966,validations/P4-CAND-01-kimi-restitution/source_cache/votkon_e266_compensation_266_delegation.csv,votkon/gonka-kimi-restitution@5462c55,P4 source e266 delegation row; compensability split still under review.
P4-e266-nonce,P4-CAND-01,pending_estimate,e266_nonce_scope,266,gonka1f0u3y2wneer8zhz3ypw4x54h38cpa0qsy8ts3e,2529.450034569,2529450034569,validations/P4-CAND-01-kimi-restitution/source_cache/votkon_e266_compensation_266_nonces.csv,votkon/gonka-kimi-restitution@5462c55,P4 source e266 nonce-scope row; compensability split still under review.
P4-e266-delegation,P4-CAND-01,pending_estimate,e266_delegation_scope,266,gonka1fvly5jrewyjmjfgwah3khy9rttq4cqajcesv9p,113.864833864,113864833864,validations/P4-CAND-01-kimi-restitution/source_cache/votkon_e266_compensation_266_delegation.csv,votkon/gonka-kimi-restitution@5462c55,P4 source e266 delegation row; compensability split still under review.
P4-e266-delegation,P4-CAND-01,pending_estimate,e266_delegation_scope,266,gonka1gyk0aahvr3qeju4zx0nplfreej6cy4jjk8svc5,30.990428883,30990428883,validations/P4-CAND-01-kimi-restitution/source_cache/votkon_e266_compensation_266_delegation.csv,votkon/gonka-kimi-restitution@5462c55,P4 source e266 delegation row; compensability split still under review.
P4-e266-delegation,P4-CAND-01,pending_estimate,e266_delegation_scope,266,gonka1hwvel7n3zuk6wruefuzc356l9myske9stckwnz,1575.513416778,1575513416778,validations/P4-CAND-01-kimi-restitution/source_cache/votkon_e266_compensation_266_delegation.csv,votkon/gonka-kimi-restitution@5462c55,P4 source e266 delegation row; compensability split still under review.
P4-e266-nonce,P4-CAND-01,pending_estimate,e266_nonce_scope,266,gonka1j7x6dv42xehe9e5au4ku3wvzwtqlegfjhlvzj6,18913.149363913,18913149363913,validations/P4-CAND-01-kimi-restitution/source_cache/votkon_e266_compensation_266_nonces.csv,votkon/gonka-kimi-restitution@5462c55,P4 source e266 nonce-scope row; compensability split still under review.
P4-e266-nonce,P4-CAND-01,pending_estimate,e266_nonce_scope,266,gonka1jrgm47v5eg876udmzg6j6glqcsd5x0vk6crpax,8543.711791292,8543711791292,validations/P4-CAND-01-kimi-restitution/source_cache/votkon_e266_compensation_266_nonces.csv,votkon/gonka-kimi-restitution@5462c55,P4 source e266 nonce-scope row; compensability split still under review.
P4-e266-nonce,P4-CAND-01,pending_estimate,e266_nonce_scope,266,gonka1myu058axjs62mc3e7na9krwvqpfl9z3gtcw9es,279.015575378,279015575378,validations/P4-CAND-01-kimi-restitution/source_cache/votkon_e266_compensation_266_nonces.csv,votkon/gonka-kimi-restitution@5462c55,P4 source e266 nonce-scope row; compensability split still under review.
P4-e266-nonce,P4-CAND-01,pending_estimate,e266_nonce_scope,266,gonka1q5xt54wncgzk7dxv9x64uln68455g83wu9tugg,29956.256305629,29956256305629,validations/P4-CAND-01-kimi-restitution/source_cache/votkon_e266_compensation_266_nonces.csv,votkon/gonka-kimi-restitution@5462c55,P4 source e266 nonce-scope row; compensability split still under review.
P4-e266-nonce,P4-CAND-01,pending_estimate,e266_nonce_scope,266,gonka1qa90tgczc0k5dvk4l5nvlf5y6phgm6mg22sfjv,18493.620535765,18493620535765,validations/P4-CAND-01-kimi-restitution/source_cache/votkon_e266_compensation_266_nonces.csv,votkon/gonka-kimi-restitution@5462c55,P4 source e266 nonce-scope row; compensability split still under review.
P4-e266-delegation,P4-CAND-01,pending_estimate,e266_delegation_scope,266,gonka1tja3g2da45efhe2p83gk3whtussmgmtsdlgprt,1805.142497891,1805142497891,validations/P4-CAND-01-kimi-restitution/source_cache/votkon_e266_compensation_266_delegation.csv,votkon/gonka-kimi-restitution@5462c55,P4 source e266 delegation row; compensability split still under review.
P4-e266-delegation,P4-CAND-01,pending_estimate,e266_delegation_scope,266,gonka1tlvg4kjx7ljd5thgd5fkgh39q6lu8cmxupktgg,176.245568133,176245568133,validations/P4-CAND-01-kimi-restitution/source_cache/votkon_e266_compensation_266_delegation.csv,votkon/gonka-kimi-restitution@5462c55,P4 source e266 delegation row; compensability split still under review.
P4-e266-delegation,P4-CAND-01,pending_estimate,e266_delegation_scope,266,gonka1tmk2tzdneht6smu34pkmqdvu7p34qavvmwtwq2,100.568940182,100568940182,validations/P4-CAND-01-kimi-restitution/source_cache/votkon_e266_compensation_266_delegation.csv,votkon/gonka-kimi-restitution@5462c55,P4 source e266 delegation row; compensability split still under review.
P4-e266-nonce,P4-CAND-01,pending_estimate,e266_nonce_scope,266,gonka1ujnc662v6g69jm6fgxnr79a2m7ehzeut059239,7414.493025859,7414493025859,validations/P4-CAND-01-kimi-restitution/source_cache/votkon_e266_compensation_266_nonces.csv,votkon/gonka-kimi-restitution@5462c55,P4 source e266 nonce-scope row; compensability split still under review.
P4-e266-nonce,P4-CAND-01,pending_estimate,e266_nonce_scope,266,gonka1wkgawwdzj623ss8eywayzdj6qcgr2llygactje,2162.560465875,2162560465875,validations/P4-CAND-01-kimi-restitution/source_cache/votkon_e266_compensation_266_nonces.csv,votkon/gonka-kimi-restitution@5462c55,P4 source e266 nonce-scope row; compensability split still under review.
P4-e266-nonce,P4-CAND-01,pending_estimate,e266_nonce_scope,266,gonka1wthc28t25pg63hzvl07rl8e8r6km6hesl6jhsz,26783.899675377,26783899675377,validations/P4-CAND-01-kimi-restitution/source_cache/votkon_e266_compensation_266_nonces.csv,votkon/gonka-kimi-restitution@5462c55,P4 source e266 nonce-scope row; compensability split still under review.
P4-e266-nonce,P4-CAND-01,pending_estimate,e266_nonce_scope,266,gonka1xwkesaxvdadh9wt9yyladu0r260s7whklcktds,4293.161910088,4293161910088,validations/P4-CAND-01-kimi-restitution/source_cache/votkon_e266_compensation_266_nonces.csv,votkon/gonka-kimi-restitution@5462c55,P4 source e266 nonce-scope row; compensability split still under review.
P4-e266-nonce,P4-CAND-01,pending_estimate,e266_nonce_scope,266,gonka1yal0ysgzc860zt3y8cds8656tnueusgymftvkw,1885.582278128,1885582278128,validations/P4-CAND-01-kimi-restitution/source_cache/votkon_e266_compensation_266_nonces.csv,votkon/gonka-kimi-restitution@5462c55,P4 source e266 nonce-scope row; compensability split still under review.
P4-GroupCap-source,P4-CAND-01,disputed_not_aggregate,groupcap_source_topup_model,267,gonka10mmdjau4dnj8krs7sh7t7635ttnmq9u3vqgz09,18968.875450327,18968875450327,validations/P4-CAND-01-kimi-restitution/source_cache/votkon_e267_compensation_267.csv,votkon/gonka-kimi-restitution@5462c55,P4 GroupCap source top-up model; committee must choose/reject model before payout.
P4-GroupCap-source,P4-CAND-01,disputed_not_aggregate,groupcap_source_topup_model,267,gonka125n6kr5gvdup0lndfkps7t6rd6592panhrg3np,5316.626990236,5316626990236,validations/P4-CAND-01-kimi-restitution/source_cache/votkon_e267_compensation_267.csv,votkon/gonka-kimi-restitution@5462c55,P4 GroupCap source top-up model; committee must choose/reject model before payout.
P4-GroupCap-source,P4-CAND-01,disputed_not_aggregate,groupcap_source_topup_model,267,gonka14g78ez2zy08k8sssue483zmfpgd4qut8zcwlqc,2602.055673919,2602055673919,validations/P4-CAND-01-kimi-restitution/source_cache/votkon_e267_compensation_267.csv,votkon/gonka-kimi-restitution@5462c55,P4 GroupCap source top-up model; committee must choose/reject model before payout.
P4-GroupCap-source,P4-CAND-01,disputed_not_aggregate,groupcap_source_topup_model,267,gonka15munkmx6x7k6rqqeexjet4556p7at39ks9qgr5,7314.568303812,7314568303812,validations/P4-CAND-01-kimi-restitution/source_cache/votkon_e267_compensation_267.csv,votkon/gonka-kimi-restitution@5462c55,P4 GroupCap source top-up model; committee must choose/reject model before payout.
P4-GroupCap-source,P4-CAND-01,disputed_not_aggregate,groupcap_source_topup_model,267,gonka15p7s7w2hx0y8095lddd4ummm2y0kwpwljk00aq,1476.899249957,1476899249957,validations/P4-CAND-01-kimi-restitution/source_cache/votkon_e267_compensation_267.csv,votkon/gonka-kimi-restitution@5462c55,P4 GroupCap source top-up model; committee must choose/reject model before payout.
P4-GroupCap-source,P4-CAND-01,disputed_not_aggregate,groupcap_source_topup_model,267,gonka168rtjfkszuhcggg4dfyse4yh7xn9zwfglnkns2,5172.564906045,5172564906045,validations/P4-CAND-01-kimi-restitution/source_cache/votkon_e267_compensation_267.csv,votkon/gonka-kimi-restitution@5462c55,P4 GroupCap source top-up model; committee must choose/reject model before payout.
P4-GroupCap-source,P4-CAND-01,disputed_not_aggregate,groupcap_source_topup_model,267,gonka17pw6099q758qwzewtrqmqpf5c2lrhr97fwqexu,53363.435163560,53363435163560,validations/P4-CAND-01-kimi-restitution/source_cache/votkon_e267_compensation_267.csv,votkon/gonka-kimi-restitution@5462c55,P4 GroupCap source top-up model; committee must choose/reject model before payout.
P4-GroupCap-source,P4-CAND-01,disputed_not_aggregate,groupcap_source_topup_model,267,gonka1830lqug50lse998x2lakk4pj5ypfumz5pasz0y,5504.854092935,5504854092935,validations/P4-CAND-01-kimi-restitution/source_cache/votkon_e267_compensation_267.csv,votkon/gonka-kimi-restitution@5462c55,P4 GroupCap source top-up model; committee must choose/reject model before payout.
P4-GroupCap-source,P4-CAND-01,disputed_not_aggregate,groupcap_source_topup_model,267,gonka18xeqnspxpg2vncufnjne485rkaagwvz7whyn0d,2661.468139297,2661468139297,validations/P4-CAND-01-kimi-restitution/source_cache/votkon_e267_compensation_267.csv,votkon/gonka-kimi-restitution@5462c55,P4 GroupCap source top-up model; committee must choose/reject model before payout.
P4-GroupCap-source,P4-CAND-01,disputed_not_aggregate,groupcap_source_topup_model,267,gonka19cjm4c5mt3j3qdr8vhytmm4hef3pnkvkm0x7m2,2801.324031248,2801324031248,validations/P4-CAND-01-kimi-restitution/source_cache/votkon_e267_compensation_267.csv,votkon/gonka-kimi-restitution@5462c55,P4 GroupCap source top-up model; committee must choose/reject model before payout.
P4-GroupCap-source,P4-CAND-01,disputed_not_aggregate,groupcap_source_topup_model,267,gonka1c6fwzedfsmpu4jnjekv4cn7mvr7x7fuqd6uqt9,5086.863739174,5086863739174,validations/P4-CAND-01-kimi-restitution/source_cache/votkon_e267_compensation_267.csv,votkon/gonka-kimi-restitution@5462c55,P4 GroupCap source top-up model; committee must choose/reject model before payout.
P4-GroupCap-source,P4-CAND-01,disputed_not_aggregate,groupcap_source_topup_model,267,gonka1f0u3y2wneer8zhz3ypw4x54h38cpa0qsy8ts3e,1645.146939522,1645146939522,validations/P4-CAND-01-kimi-restitution/source_cache/votkon_e267_compensation_267.csv,votkon/gonka-kimi-restitution@5462c55,P4 GroupCap source top-up model; committee must choose/reject model before payout.
P3-CAND-03,P3-CAND-03,local_validated_recommended,strict_epoch_267_kimi,267,gonka1j7x6dv42xehe9e5au4ku3wvzwtqlegfjhlvzj6,10262.057515369,10262057515369,/private/tmp/GRC-e267-kimi_shortfall-check/BROADER_REVIEW.md,gonkalabs/GRC-e267-kimi_shortfall@9e372ae,Strict Case 3 Kimi cPoC shortfall row.
P4-GroupCap-source,P4-CAND-01,disputed_not_aggregate,groupcap_source_topup_model,267,gonka1jrgm47v5eg876udmzg6j6glqcsd5x0vk6crpax,14098.104837437,14098104837437,validations/P4-CAND-01-kimi-restitution/source_cache/votkon_e267_compensation_267.csv,votkon/gonka-kimi-restitution@5462c55,P4 GroupCap source top-up model; committee must choose/reject model before payout.
P4-GroupCap-source,P4-CAND-01,disputed_not_aggregate,groupcap_source_topup_model,267,gonka1kx9mca3xm8u8ypzfuhmxey66u0ufxhs7nm6wc5,1210.857590834,1210857590834,validations/P4-CAND-01-kimi-restitution/source_cache/votkon_e267_compensation_267.csv,votkon/gonka-kimi-restitution@5462c55,P4 GroupCap source top-up model; committee must choose/reject model before payout.
P4-GroupCap-source,P4-CAND-01,disputed_not_aggregate,groupcap_source_topup_model,267,gonka1mmlyd5xxu5l68yx8wzclrkxkxvm88mhq5tp5s0,2926.984024391,2926984024391,validations/P4-CAND-01-kimi-restitution/source_cache/votkon_e267_compensation_267.csv,votkon/gonka-kimi-restitution@5462c55,P4 GroupCap source top-up model; committee must choose/reject model before payout.
P4-GroupCap-source,P4-CAND-01,disputed_not_aggregate,groupcap_source_topup_model,267,gonka1q5xt54wncgzk7dxv9x64uln68455g83wu9tugg,30065.862125160,30065862125160,validations/P4-CAND-01-kimi-restitution/source_cache/votkon_e267_compensation_267.csv,votkon/gonka-kimi-restitution@5462c55,P4 GroupCap source top-up model; committee must choose/reject model before payout.
P4-GroupCap-source,P4-CAND-01,disputed_not_aggregate,groupcap_source_topup_model,267,gonka1qa90tgczc0k5dvk4l5nvlf5y6phgm6mg22sfjv,24542.605941178,24542605941178,validations/P4-CAND-01-kimi-restitution/source_cache/votkon_e267_compensation_267.csv,votkon/gonka-kimi-restitution@5462c55,P4 GroupCap source top-up model; committee must choose/reject model before payout.
P4-GroupCap-source,P4-CAND-01,disputed_not_aggregate,groupcap_source_topup_model,267,gonka1tl5m3vuqsx333v7095ymwjdc4vdk2wd9r5hqws,2731.396085272,2731396085272,validations/P4-CAND-01-kimi-restitution/source_cache/votkon_e267_compensation_267.csv,votkon/gonka-kimi-restitution@5462c55,P4 GroupCap source top-up model; committee must choose/reject model before payout.
P4-GroupCap-source,P4-CAND-01,disputed_not_aggregate,groupcap_source_topup_model,267,gonka1wkgawwdzj623ss8eywayzdj6qcgr2llygactje,5379.719873822,5379719873822,validations/P4-CAND-01-kimi-restitution/source_cache/votkon_e267_compensation_267.csv,votkon/gonka-kimi-restitution@5462c55,P4 GroupCap source top-up model; committee must choose/reject model before payout.
P4-GroupCap-source,P4-CAND-01,disputed_not_aggregate,groupcap_source_topup_model,267,gonka1wthc28t25pg63hzvl07rl8e8r6km6hesl6jhsz,37197.986840600,37197986840600,validations/P4-CAND-01-kimi-restitution/source_cache/votkon_e267_compensation_267.csv,votkon/gonka-kimi-restitution@5462c55,P4 GroupCap source top-up model; committee must choose/reject model before payout.
P4-GroupCap-source,P4-CAND-01,disputed_not_aggregate,groupcap_source_topup_model,267,gonka1xwkesaxvdadh9wt9yyladu0r260s7whklcktds,2728.767215123,2728767215123,validations/P4-CAND-01-kimi-restitution/source_cache/votkon_e267_compensation_267.csv,votkon/gonka-kimi-restitution@5462c55,P4 GroupCap source top-up model; committee must choose/reject model before payout.
P4-GroupCap-source,P4-CAND-01,disputed_not_aggregate,groupcap_source_topup_model,267,gonka1y2a9p56kv044327uycmqdexl7zs82fs5ryv5le,1025.259358283,1025259358283,validations/P4-CAND-01-kimi-restitution/source_cache/votkon_e267_compensation_267.csv,votkon/gonka-kimi-restitution@5462c55,P4 GroupCap source top-up model; committee must choose/reject model before payout.
P4-GroupCap-source,P4-CAND-01,disputed_not_aggregate,groupcap_source_topup_model,267,gonka1yal0ysgzc860zt3y8cds8656tnueusgymftvkw,10930.842081387,10930842081387,validations/P4-CAND-01-kimi-restitution/source_cache/votkon_e267_compensation_267.csv,votkon/gonka-kimi-restitution@5462c55,P4 GroupCap source top-up model; committee must choose/reject model before payout.
P4-GroupCap-source,P4-CAND-01,disputed_not_aggregate,groupcap_source_topup_model,267,gonka1zktn8j65wlys8a8e38hqhf4y3x6m4x04zskkrx,1718.755303707,1718755303707,validations/P4-CAND-01-kimi-restitution/source_cache/votkon_e267_compensation_267.csv,votkon/gonka-kimi-restitution@5462c55,P4 GroupCap source top-up model; committee must choose/reject model before payout.
P4-GroupCap-source,P4-CAND-01,disputed_not_aggregate,groupcap_source_topup_model,268,gonka10079cnl3nuh2k82mhkm04dj0slhtw9kmjewwau,1023.033686008,1023033686008,validations/P4-CAND-01-kimi-restitution/source_cache/votkon_e268_compensation_268.csv,votkon/gonka-kimi-restitution@5462c55,P4 GroupCap source top-up model; committee must choose/reject model before payout.
P4-GroupCap-source,P4-CAND-01,disputed_not_aggregate,groupcap_source_topup_model,268,gonka1007dchuqgdnute4qam70kmn56j2vfw38mhyrqv,2384.499296010,2384499296010,validations/P4-CAND-01-kimi-restitution/source_cache/votkon_e268_compensation_268.csv,votkon/gonka-kimi-restitution@5462c55,P4 GroupCap source top-up model; committee must choose/reject model before payout.
P4-GroupCap-source,P4-CAND-01,disputed_not_aggregate,groupcap_source_topup_model,268,gonka1007g0ut3u4wjkay9hegqfev4pj90qgexwskmcw,2339.293587751,2339293587751,validations/P4-CAND-01-kimi-restitution/source_cache/votkon_e268_compensation_268.csv,votkon/gonka-kimi-restitution@5462c55,P4 GroupCap source top-up model; committee must choose/reject model before payout.
P4-GroupCap-source,P4-CAND-01,disputed_not_aggregate,groupcap_source_topup_model,268,gonka1007n977a7uda3pd9m6hftw8xcql0tc20m96myu,2345.402467246,2345402467246,validations/P4-CAND-01-kimi-restitution/source_cache/votkon_e268_compensation_268.csv,votkon/gonka-kimi-restitution@5462c55,P4 GroupCap source top-up model; committee must choose/reject model before payout.
P4-GroupCap-source,P4-CAND-01,disputed_not_aggregate,groupcap_source_topup_model,268,gonka10mmdjau4dnj8krs7sh7t7635ttnmq9u3vqgz09,7724.067232814,7724067232814,validations/P4-CAND-01-kimi-restitution/source_cache/votkon_e268_compensation_268.csv,votkon/gonka-kimi-restitution@5462c55,P4 GroupCap source top-up model; committee must choose/reject model before payout.
P4-GroupCap-source,P4-CAND-01,disputed_not_aggregate,groupcap_source_topup_model,268,gonka15munkmx6x7k6rqqeexjet4556p7at39ks9qgr5,3168.472164467,3168472164467,validations/P4-CAND-01-kimi-restitution/source_cache/votkon_e268_compensation_268.csv,votkon/gonka-kimi-restitution@5462c55,P4 GroupCap source top-up model; committee must choose/reject model before payout.
P4-GroupCap-source,P4-CAND-01,disputed_not_aggregate,groupcap_source_topup_model,268,gonka1c6fwzedfsmpu4jnjekv4cn7mvr7x7fuqd6uqt9,2156.841720182,2156841720182,validations/P4-CAND-01-kimi-restitution/source_cache/votkon_e268_compensation_268.csv,votkon/gonka-kimi-restitution@5462c55,P4 GroupCap source top-up model; committee must choose/reject model before payout.
P4-GroupCap-source,P4-CAND-01,disputed_not_aggregate,groupcap_source_topup_model,268,gonka1jrgm47v5eg876udmzg6j6glqcsd5x0vk6crpax,6071.818958875,6071818958875,validations/P4-CAND-01-kimi-restitution/source_cache/votkon_e268_compensation_268.csv,votkon/gonka-kimi-restitution@5462c55,P4 GroupCap source top-up model; committee must choose/reject model before payout.
P3-CAND-06,P3-CAND-06,pending_estimate,included_before_overlap_review,268,gonka1q5xt54wncgzk7dxv9x64uln68455g83wu9tugg,25309.087745610,25309087745610,validations/P3-CAND-06-pre-fix-confirmation-accounting/case6_gross_compensation_calculation.csv,local validation package,Gross candidate amount; do not treat as approved payout until policy and overlap review are complete.
P4-GroupCap-source,P4-CAND-01,disputed_not_aggregate,groupcap_source_topup_model,268,gonka1qa90tgczc0k5dvk4l5nvlf5y6phgm6mg22sfjv,9535.553632242,9535553632242,validations/P4-CAND-01-kimi-restitution/source_cache/votkon_e268_compensation_268.csv,votkon/gonka-kimi-restitution@5462c55,P4 GroupCap source top-up model; committee must choose/reject model before payout.
P4-GroupCap-source,P4-CAND-01,disputed_not_aggregate,groupcap_source_topup_model,268,gonka1wthc28t25pg63hzvl07rl8e8r6km6hesl6jhsz,5885.701763610,5885701763610,validations/P4-CAND-01-kimi-restitution/source_cache/votkon_e268_compensation_268.csv,votkon/gonka-kimi-restitution@5462c55,P4 GroupCap source top-up model; committee must choose/reject model before payout.
P4-GroupCap-source,P4-CAND-01,disputed_not_aggregate,groupcap_source_topup_model,269,gonka10070xwkwv00sulsa7gdfwkgh8w069stkjjf39x,1017.602508283,1017602508283,validations/P4-CAND-01-kimi-restitution/source_cache/votkon_e269_compensation_269.csv,votkon/gonka-kimi-restitution@5462c55,P4 GroupCap source top-up model; committee must choose/reject model before payout.
P4-GroupCap-source,P4-CAND-01,disputed_not_aggregate,groupcap_source_topup_model,269,gonka10075dz43h94zhqu5hwdj3nyjay6v8mzwvpxr0s,1017.602508283,1017602508283,validations/P4-CAND-01-kimi-restitution/source_cache/votkon_e269_compensation_269.csv,votkon/gonka-kimi-restitution@5462c55,P4 GroupCap source top-up model; committee must choose/reject model before payout.
P4-GroupCap-source,P4-CAND-01,disputed_not_aggregate,groupcap_source_topup_model,269,gonka10079cnl3nuh2k82mhkm04dj0slhtw9kmjewwau,129.764203031,129764203031,validations/P4-CAND-01-kimi-restitution/source_cache/votkon_e269_compensation_269.csv,votkon/gonka-kimi-restitution@5462c55,P4 GroupCap source top-up model; committee must choose/reject model before payout.
P4-GroupCap-source,P4-CAND-01,disputed_not_aggregate,groupcap_source_topup_model,269,gonka1007dchuqgdnute4qam70kmn56j2vfw38mhyrqv,1089.182117051,1089182117051,validations/P4-CAND-01-kimi-restitution/source_cache/votkon_e269_compensation_269.csv,votkon/gonka-kimi-restitution@5462c55,P4 GroupCap source top-up model; committee must choose/reject model before payout.
P4-GroupCap-source,P4-CAND-01,disputed_not_aggregate,groupcap_source_topup_model,269,gonka1007g0ut3u4wjkay9hegqfev4pj90qgexwskmcw,1046.485508311,1046485508311,validations/P4-CAND-01-kimi-restitution/source_cache/votkon_e269_compensation_269.csv,votkon/gonka-kimi-restitution@5462c55,P4 GroupCap source top-up model; committee must choose/reject model before payout.
P4-GroupCap-source,P4-CAND-01,disputed_not_aggregate,groupcap_source_topup_model,269,gonka1007lnkyhdh7aq0vjdcdwcerkdh4yy85rymjdg6,1007.974841606,1007974841606,validations/P4-CAND-01-kimi-restitution/source_cache/votkon_e269_compensation_269.csv,votkon/gonka-kimi-restitution@5462c55,P4 GroupCap source top-up model; committee must choose/reject model before payout.
P4-GroupCap-source,P4-CAND-01,disputed_not_aggregate,groupcap_source_topup_model,269,gonka1007n977a7uda3pd9m6hftw8xcql0tc20m96myu,1051.090044548,1051090044548,validations/P4-CAND-01-kimi-restitution/source_cache/votkon_e269_compensation_269.csv,votkon/gonka-kimi-restitution@5462c55,P4 GroupCap source top-up model; committee must choose/reject model before payout.
P3-CAND-06,P3-CAND-06,pending_estimate,included_before_overlap_review,269,gonka1007py6y2qfn2vaqrthqhtchkwx64hgzc6w544w,2228.595538500,2228595538500,validations/P3-CAND-06-pre-fix-confirmation-accounting/case6_gross_compensation_calculation.csv,local validation package,Gross candidate amount; do not treat as approved payout until policy and overlap review are complete.
P4-GroupCap-source,P4-CAND-01,disputed_not_aggregate,groupcap_source_topup_model,269,gonka10mmdjau4dnj8krs7sh7t7635ttnmq9u3vqgz09,6362.213296331,6362213296331,validations/P4-CAND-01-kimi-restitution/source_cache/votkon_e269_compensation_269.csv,votkon/gonka-kimi-restitution@5462c55,P4 GroupCap source top-up model; committee must choose/reject model before payout.
P4-GroupCap-source,P4-CAND-01,disputed_not_aggregate,groupcap_source_topup_model,269,gonka15munkmx6x7k6rqqeexjet4556p7at39ks9qgr5,2866.533104368,2866533104368,validations/P4-CAND-01-kimi-restitution/source_cache/votkon_e269_compensation_269.csv,votkon/gonka-kimi-restitution@5462c55,P4 GroupCap source top-up model; committee must choose/reject model before payout.
P4-GroupCap-source,P4-CAND-01,disputed_not_aggregate,groupcap_source_topup_model,269,gonka168rtjfkszuhcggg4dfyse4yh7xn9zwfglnkns2,1364.617102838,1364617102838,validations/P4-CAND-01-kimi-restitution/source_cache/votkon_e269_compensation_269.csv,votkon/gonka-kimi-restitution@5462c55,P4 GroupCap source top-up model; committee must choose/reject model before payout.
P4-GroupCap-source,P4-CAND-01,disputed_not_aggregate,groupcap_source_topup_model,269,gonka19cjm4c5mt3j3qdr8vhytmm4hef3pnkvkm0x7m2,960.673696630,960673696630,validations/P4-CAND-01-kimi-restitution/source_cache/votkon_e269_compensation_269.csv,votkon/gonka-kimi-restitution@5462c55,P4 GroupCap source top-up model; committee must choose/reject model before payout.
P4-GroupCap-source,P4-CAND-01,disputed_not_aggregate,groupcap_source_topup_model,269,gonka1gvrrhjmy4w4mayvs2s5l23edj8ertcmtd2v4zr,9742.361488179,9742361488179,validations/P4-CAND-01-kimi-restitution/source_cache/votkon_e269_compensation_269.csv,votkon/gonka-kimi-restitution@5462c55,P4 GroupCap source top-up model; committee must choose/reject model before payout.
P4-GroupCap-source,P4-CAND-01,disputed_not_aggregate,groupcap_source_topup_model,269,gonka1jrgm47v5eg876udmzg6j6glqcsd5x0vk6crpax,5036.944048606,5036944048606,validations/P4-CAND-01-kimi-restitution/source_cache/votkon_e269_compensation_269.csv,votkon/gonka-kimi-restitution@5462c55,P4 GroupCap source top-up model; committee must choose/reject model before payout.
P4-GroupCap-source,P4-CAND-01,disputed_not_aggregate,groupcap_source_topup_model,269,gonka1kx9mca3xm8u8ypzfuhmxey66u0ufxhs7nm6wc5,363.758362689,363758362689,validations/P4-CAND-01-kimi-restitution/source_cache/votkon_e269_compensation_269.csv,votkon/gonka-kimi-restitution@5462c55,P4 GroupCap source top-up model; committee must choose/reject model before payout.
P3-CAND-06,P3-CAND-06,pending_estimate,included_before_overlap_review,269,gonka1naxyjmun6kl23htjdujwd6c5z5avgwapsrmfk3,535.800580255,535800580255,validations/P3-CAND-06-pre-fix-confirmation-accounting/case6_gross_compensation_calculation.csv,local validation package,Gross candidate amount; do not treat as approved payout until policy and overlap review are complete.
P4-GroupCap-source,P4-CAND-01,disputed_not_aggregate,groupcap_source_topup_model,269,gonka1q5xt54wncgzk7dxv9x64uln68455g83wu9tugg,1262.061523024,1262061523024,validations/P4-CAND-01-kimi-restitution/source_cache/votkon_e269_compensation_269.csv,votkon/gonka-kimi-restitution@5462c55,P4 GroupCap source top-up model; committee must choose/reject model before payout.
P4-GroupCap-source,P4-CAND-01,disputed_not_aggregate,groupcap_source_topup_model,269,gonka1qa90tgczc0k5dvk4l5nvlf5y6phgm6mg22sfjv,6399.886774631,6399886774631,validations/P4-CAND-01-kimi-restitution/source_cache/votkon_e269_compensation_269.csv,votkon/gonka-kimi-restitution@5462c55,P4 GroupCap source top-up model; committee must choose/reject model before payout.
P4-GroupCap-source,P4-CAND-01,disputed_not_aggregate,groupcap_source_topup_model,269,gonka1wthc28t25pg63hzvl07rl8e8r6km6hesl6jhsz,4850.669628126,4850669628126,validations/P4-CAND-01-kimi-restitution/source_cache/votkon_e269_compensation_269.csv,votkon/gonka-kimi-restitution@5462c55,P4 GroupCap source top-up model; committee must choose/reject model before payout.
P4-GroupCap-source,P4-CAND-01,disputed_not_aggregate,groupcap_source_topup_model,269,gonka1wvv656pt2d8x2khcvytqeessck5uzjnxzsa8f6,1935.161001970,1935161001970,validations/P4-CAND-01-kimi-restitution/source_cache/votkon_e269_compensation_269.csv,votkon/gonka-kimi-restitution@5462c55,P4 GroupCap source top-up model; committee must choose/reject model before payout.
P4-GroupCap-source,P4-CAND-01,disputed_not_aggregate,groupcap_source_topup_model,270,gonka10079cnl3nuh2k82mhkm04dj0slhtw9kmjewwau,1276.539184982,1276539184982,validations/P4-CAND-01-kimi-restitution/source_cache/votkon_e270_compensation_270.csv,votkon/gonka-kimi-restitution@5462c55,P4 GroupCap source top-up model; committee must choose/reject model before payout.
P4-GroupCap-source,P4-CAND-01,disputed_not_aggregate,groupcap_source_topup_model,270,gonka1007dchuqgdnute4qam70kmn56j2vfw38mhyrqv,3289.208042743,3289208042743,validations/P4-CAND-01-kimi-restitution/source_cache/votkon_e270_compensation_270.csv,votkon/gonka-kimi-restitution@5462c55,P4 GroupCap source top-up model; committee must choose/reject model before payout.
P4-GroupCap-source,P4-CAND-01,disputed_not_aggregate,groupcap_source_topup_model,270,gonka1007g0ut3u4wjkay9hegqfev4pj90qgexwskmcw,3240.476099926,3240476099926,validations/P4-CAND-01-kimi-restitution/source_cache/votkon_e270_compensation_270.csv,votkon/gonka-kimi-restitution@5462c55,P4 GroupCap source top-up model; committee must choose/reject model before payout.
P4-GroupCap-source,P4-CAND-01,disputed_not_aggregate,groupcap_source_topup_model,270,gonka10mmdjau4dnj8krs7sh7t7635ttnmq9u3vqgz09,7030.870383824,7030870383824,validations/P4-CAND-01-kimi-restitution/source_cache/votkon_e270_compensation_270.csv,votkon/gonka-kimi-restitution@5462c55,P4 GroupCap source top-up model; committee must choose/reject model before payout.
P4-GroupCap-source,P4-CAND-01,disputed_not_aggregate,groupcap_source_topup_model,270,gonka15munkmx6x7k6rqqeexjet4556p7at39ks9qgr5,3954.815066569,3954815066569,validations/P4-CAND-01-kimi-restitution/source_cache/votkon_e270_compensation_270.csv,votkon/gonka-kimi-restitution@5462c55,P4 GroupCap source top-up model; committee must choose/reject model before payout.
P4-GroupCap-source,P4-CAND-01,disputed_not_aggregate,groupcap_source_topup_model,270,gonka168rtjfkszuhcggg4dfyse4yh7xn9zwfglnkns2,1202.846978772,1202846978772,validations/P4-CAND-01-kimi-restitution/source_cache/votkon_e270_compensation_270.csv,votkon/gonka-kimi-restitution@5462c55,P4 GroupCap source top-up model; committee must choose/reject model before payout.
P4-GroupCap-source,P4-CAND-01,disputed_not_aggregate,groupcap_source_topup_model,270,gonka19cjm4c5mt3j3qdr8vhytmm4hef3pnkvkm0x7m2,979.393192202,979393192202,validations/P4-CAND-01-kimi-restitution/source_cache/votkon_e270_compensation_270.csv,votkon/gonka-kimi-restitution@5462c55,P4 GroupCap source top-up model; committee must choose/reject model before payout.
P4-GroupCap-source,P4-CAND-01,disputed_not_aggregate,groupcap_source_topup_model,270,gonka1f0u3y2wneer8zhz3ypw4x54h38cpa0qsy8ts3e,499.205267870,499205267870,validations/P4-CAND-01-kimi-restitution/source_cache/votkon_e270_compensation_270.csv,votkon/gonka-kimi-restitution@5462c55,P4 GroupCap source top-up model; committee must choose/reject model before payout.
P4-GroupCap-source,P4-CAND-01,disputed_not_aggregate,groupcap_source_topup_model,270,gonka1gvrrhjmy4w4mayvs2s5l23edj8ertcmtd2v4zr,10319.286037252,10319286037252,validations/P4-CAND-01-kimi-restitution/source_cache/votkon_e270_compensation_270.csv,votkon/gonka-kimi-restitution@5462c55,P4 GroupCap source top-up model; committee must choose/reject model before payout.
P4-GroupCap-source,P4-CAND-01,disputed_not_aggregate,groupcap_source_topup_model,270,gonka1kx9mca3xm8u8ypzfuhmxey66u0ufxhs7nm6wc5,375.592534874,375592534874,validations/P4-CAND-01-kimi-restitution/source_cache/votkon_e270_compensation_270.csv,votkon/gonka-kimi-restitution@5462c55,P4 GroupCap source top-up model; committee must choose/reject model before payout.
P4-GroupCap-source,P4-CAND-01,disputed_not_aggregate,groupcap_source_topup_model,270,gonka1q5xt54wncgzk7dxv9x64uln68455g83wu9tugg,6715.103242164,6715103242164,validations/P4-CAND-01-kimi-restitution/source_cache/votkon_e270_compensation_270.csv,votkon/gonka-kimi-restitution@5462c55,P4 GroupCap source top-up model; committee must choose/reject model before payout.
P4-GroupCap-source,P4-CAND-01,disputed_not_aggregate,groupcap_source_topup_model,270,gonka1qa90tgczc0k5dvk4l5nvlf5y6phgm6mg22sfjv,18103.322464109,18103322464109,validations/P4-CAND-01-kimi-restitution/source_cache/votkon_e270_compensation_270.csv,votkon/gonka-kimi-restitution@5462c55,P4 GroupCap source top-up model; committee must choose/reject model before payout.
P4-GroupCap-source,P4-CAND-01,disputed_not_aggregate,groupcap_source_topup_model,270,gonka1tlvg4kjx7ljd5thgd5fkgh39q6lu8cmxupktgg,551.106767942,551106767942,validations/P4-CAND-01-kimi-restitution/source_cache/votkon_e270_compensation_270.csv,votkon/gonka-kimi-restitution@5462c55,P4 GroupCap source top-up model; committee must choose/reject model before payout.
P4-GroupCap-source,P4-CAND-01,disputed_not_aggregate,groupcap_source_topup_model,270,gonka1uhqpup9fev3zahlx6n326lp0krznc6usjtx6lu,10104.152338480,10104152338480,validations/P4-CAND-01-kimi-restitution/source_cache/votkon_e270_compensation_270.csv,votkon/gonka-kimi-restitution@5462c55,P4 GroupCap source top-up model; committee must choose/reject model before payout.
P4-GroupCap-source,P4-CAND-01,disputed_not_aggregate,groupcap_source_topup_model,270,gonka1wt8sr9jxzpec65j7zkxsgh6edk3m6r8nlf5za4,1183.433440577,1183433440577,validations/P4-CAND-01-kimi-restitution/source_cache/votkon_e270_compensation_270.csv,votkon/gonka-kimi-restitution@5462c55,P4 GroupCap source top-up model; committee must choose/reject model before payout.
P4-GroupCap-source,P4-CAND-01,disputed_not_aggregate,groupcap_source_topup_model,270,gonka1wthc28t25pg63hzvl07rl8e8r6km6hesl6jhsz,4529.297319277,4529297319277,validations/P4-CAND-01-kimi-restitution/source_cache/votkon_e270_compensation_270.csv,votkon/gonka-kimi-restitution@5462c55,P4 GroupCap source top-up model; committee must choose/reject model before payout.
P4-GroupCap-source,P4-CAND-01,disputed_not_aggregate,groupcap_source_topup_model,270,gonka1wvv656pt2d8x2khcvytqeessck5uzjnxzsa8f6,2532.080053140,2532080053140,validations/P4-CAND-01-kimi-restitution/source_cache/votkon_e270_compensation_270.csv,votkon/gonka-kimi-restitution@5462c55,P4 GroupCap source top-up model; committee must choose/reject model before payout.
P4-GroupCap-source,P4-CAND-01,disputed_not_aggregate,groupcap_source_topup_model,270,gonka1yal0ysgzc860zt3y8cds8656tnueusgymftvkw,983.355138772,983355138772,validations/P4-CAND-01-kimi-restitution/source_cache/votkon_e270_compensation_270.csv,votkon/gonka-kimi-restitution@5462c55,P4 GroupCap source top-up model; committee must choose/reject model before payout.
P4-GroupCap-source,P4-CAND-01,disputed_not_aggregate,groupcap_source_topup_model,271,gonka10079cnl3nuh2k82mhkm04dj0slhtw9kmjewwau,81.378497416,81378497416,validations/P4-CAND-01-kimi-restitution/source_cache/votkon_e271_compensation_271.csv,votkon/gonka-kimi-restitution@5462c55,P4 GroupCap source top-up model; committee must choose/reject model before payout.
P4-GroupCap-source,P4-CAND-01,disputed_not_aggregate,groupcap_source_topup_model,271,gonka1007dchuqgdnute4qam70kmn56j2vfw38mhyrqv,1132.160499135,1132160499135,validations/P4-CAND-01-kimi-restitution/source_cache/votkon_e271_compensation_271.csv,votkon/gonka-kimi-restitution@5462c55,P4 GroupCap source top-up model; committee must choose/reject model before payout.
P4-GroupCap-source,P4-CAND-01,disputed_not_aggregate,groupcap_source_topup_model,271,gonka1007g0ut3u4wjkay9hegqfev4pj90qgexwskmcw,1621.502253332,1621502253332,validations/P4-CAND-01-kimi-restitution/source_cache/votkon_e271_compensation_271.csv,votkon/gonka-kimi-restitution@5462c55,P4 GroupCap source top-up model; committee must choose/reject model before payout.
P4-GroupCap-source,P4-CAND-01,disputed_not_aggregate,groupcap_source_topup_model,271,gonka10mmdjau4dnj8krs7sh7t7635ttnmq9u3vqgz09,2028.751663645,2028751663645,validations/P4-CAND-01-kimi-restitution/source_cache/votkon_e271_compensation_271.csv,votkon/gonka-kimi-restitution@5462c55,P4 GroupCap source top-up model; committee must choose/reject model before payout.
P4-GroupCap-source,P4-CAND-01,disputed_not_aggregate,groupcap_source_topup_model,271,gonka15munkmx6x7k6rqqeexjet4556p7at39ks9qgr5,930.498871767,930498871767,validations/P4-CAND-01-kimi-restitution/source_cache/votkon_e271_compensation_271.csv,votkon/gonka-kimi-restitution@5462c55,P4 GroupCap source top-up model; committee must choose/reject model before payout.
P3-CAND-06,P3-CAND-06,pending_estimate,included_before_overlap_review,271,gonka16xa2sdc8qe2289nzr4e6vmdyzlke8g8fn8e75s,139.200061369,139200061369,validations/P3-CAND-06-pre-fix-confirmation-accounting/case6_gross_compensation_calculation.csv,local validation package,Gross candidate amount; do not treat as approved payout until policy and overlap review are complete.
P4-GroupCap-source,P4-CAND-01,disputed_not_aggregate,groupcap_source_topup_model,271,gonka19cjm4c5mt3j3qdr8vhytmm4hef3pnkvkm0x7m2,484.701752152,484701752152,validations/P4-CAND-01-kimi-restitution/source_cache/votkon_e271_compensation_271.csv,votkon/gonka-kimi-restitution@5462c55,P4 GroupCap source top-up model; committee must choose/reject model before payout.
P4-GroupCap-source,P4-CAND-01,disputed_not_aggregate,groupcap_source_topup_model,271,gonka1gvrrhjmy4w4mayvs2s5l23edj8ertcmtd2v4zr,4317.700365080,4317700365080,validations/P4-CAND-01-kimi-restitution/source_cache/votkon_e271_compensation_271.csv,votkon/gonka-kimi-restitution@5462c55,P4 GroupCap source top-up model; committee must choose/reject model before payout.
P4-GroupCap-source,P4-CAND-01,disputed_not_aggregate,groupcap_source_topup_model,271,gonka1kx9mca3xm8u8ypzfuhmxey66u0ufxhs7nm6wc5,164.541611003,164541611003,validations/P4-CAND-01-kimi-restitution/source_cache/votkon_e271_compensation_271.csv,votkon/gonka-kimi-restitution@5462c55,P4 GroupCap source top-up model; committee must choose/reject model before payout.
P4-GroupCap-source,P4-CAND-01,disputed_not_aggregate,groupcap_source_topup_model,271,gonka1mmlyd5xxu5l68yx8wzclrkxkxvm88mhq5tp5s0,414.744798233,414744798233,validations/P4-CAND-01-kimi-restitution/source_cache/votkon_e271_compensation_271.csv,votkon/gonka-kimi-restitution@5462c55,P4 GroupCap source top-up model; committee must choose/reject model before payout.
P4-GroupCap-source,P4-CAND-01,disputed_not_aggregate,groupcap_source_topup_model,271,gonka1q5xt54wncgzk7dxv9x64uln68455g83wu9tugg,1890.622371980,1890622371980,validations/P4-CAND-01-kimi-restitution/source_cache/votkon_e271_compensation_271.csv,votkon/gonka-kimi-restitution@5462c55,P4 GroupCap source top-up model; committee must choose/reject model before payout.
P4-GroupCap-source,P4-CAND-01,disputed_not_aggregate,groupcap_source_topup_model,271,gonka1qa90tgczc0k5dvk4l5nvlf5y6phgm6mg22sfjv,8158.908212398,8158908212398,validations/P4-CAND-01-kimi-restitution/source_cache/votkon_e271_compensation_271.csv,votkon/gonka-kimi-restitution@5462c55,P4 GroupCap source top-up model; committee must choose/reject model before payout.
P4-GroupCap-source,P4-CAND-01,disputed_not_aggregate,groupcap_source_topup_model,271,gonka1tlvg4kjx7ljd5thgd5fkgh39q6lu8cmxupktgg,249.489340761,249489340761,validations/P4-CAND-01-kimi-restitution/source_cache/votkon_e271_compensation_271.csv,votkon/gonka-kimi-restitution@5462c55,P4 GroupCap source top-up model; committee must choose/reject model before payout.
P4-GroupCap-source,P4-CAND-01,disputed_not_aggregate,groupcap_source_topup_model,271,gonka1uhqpup9fev3zahlx6n326lp0krznc6usjtx6lu,4048.937169668,4048937169668,validations/P4-CAND-01-kimi-restitution/source_cache/votkon_e271_compensation_271.csv,votkon/gonka-kimi-restitution@5462c55,P4 GroupCap source top-up model; committee must choose/reject model before payout.
P4-GroupCap-source,P4-CAND-01,disputed_not_aggregate,groupcap_source_topup_model,271,gonka1wt8sr9jxzpec65j7zkxsgh6edk3m6r8nlf5za4,1480.874499026,1480874499026,validations/P4-CAND-01-kimi-restitution/source_cache/votkon_e271_compensation_271.csv,votkon/gonka-kimi-restitution@5462c55,P4 GroupCap source top-up model; committee must choose/reject model before payout.
P4-GroupCap-source,P4-CAND-01,disputed_not_aggregate,groupcap_source_topup_model,271,gonka1wvv656pt2d8x2khcvytqeessck5uzjnxzsa8f6,1044.357383502,1044357383502,validations/P4-CAND-01-kimi-restitution/source_cache/votkon_e271_compensation_271.csv,votkon/gonka-kimi-restitution@5462c55,P4 GroupCap source top-up model; committee must choose/reject model before payout.
P4-GroupCap-source,P4-CAND-01,disputed_not_aggregate,groupcap_source_topup_model,271,gonka1zktn8j65wlys8a8e38hqhf4y3x6m4x04zskkrx,372.984779822,372984779822,validations/P4-CAND-01-kimi-restitution/source_cache/votkon_e271_compensation_271.csv,votkon/gonka-kimi-restitution@5462c55,P4 GroupCap source top-up model; committee must choose/reject model before payout.
P3-CAND-01-confirmed,P3-CAND-01,pending_estimate,confirmed_six,272,gonka10079cnl3nuh2k82mhkm04dj0slhtw9kmjewwau,5700.549989479,5700549989479,/private/tmp/grc-p3-cand01-check/artifacts/epoch_272_reported_and_claimed_zero_reward.csv,huxuxuya/grc-p3-cand01@d2fe976,Devshard/high miss-rate zero-reward row; manual-review row is not in confirmed-six total.
P3-CAND-01-confirmed,P3-CAND-01,pending_estimate,confirmed_six,272,gonka1007dchuqgdnute4qam70kmn56j2vfw38mhyrqv,7287.485958471,7287485958471,/private/tmp/grc-p3-cand01-check/artifacts/epoch_272_reported_and_claimed_zero_reward.csv,huxuxuya/grc-p3-cand01@d2fe976,Devshard/high miss-rate zero-reward row; manual-review row is not in confirmed-six total.
P3-CAND-01-confirmed,P3-CAND-01,pending_estimate,confirmed_six,272,gonka1007g0ut3u4wjkay9hegqfev4pj90qgexwskmcw,7238.152949000,7238152949000,/private/tmp/grc-p3-cand01-check/artifacts/epoch_272_reported_and_claimed_zero_reward.csv,huxuxuya/grc-p3-cand01@d2fe976,Devshard/high miss-rate zero-reward row; manual-review row is not in confirmed-six total.
P4-GroupCap-source,P4-CAND-01,disputed_not_aggregate,groupcap_source_topup_model,272,gonka10mmdjau4dnj8krs7sh7t7635ttnmq9u3vqgz09,1236.430111492,1236430111492,validations/P4-CAND-01-kimi-restitution/source_cache/votkon_e272_compensation_272.csv,votkon/gonka-kimi-restitution@5462c55,P4 GroupCap source top-up model; committee must choose/reject model before payout.
P4-GroupCap-source,P4-CAND-01,disputed_not_aggregate,groupcap_source_topup_model,272,gonka14ljarev2nlzu4ej50vx7ylj2rvg4n20fnq2ysc,899.723697202,899723697202,validations/P4-CAND-01-kimi-restitution/source_cache/votkon_e272_compensation_272.csv,votkon/gonka-kimi-restitution@5462c55,P4 GroupCap source top-up model; committee must choose/reject model before payout.
P3-CAND-01-confirmed,P3-CAND-01,pending_estimate,confirmed_six,272,gonka15munkmx6x7k6rqqeexjet4556p7at39ks9qgr5,4064.625997098,4064625997098,/private/tmp/grc-p3-cand01-check/artifacts/epoch_272_reported_and_claimed_zero_reward.csv,huxuxuya/grc-p3-cand01@d2fe976,Devshard/high miss-rate zero-reward row; manual-review row is not in confirmed-six total.
P3-CAND-01-manual-review,P3-CAND-01,pending_estimate,manual_review_not_in_confirmed_total,272,gonka16xa2sdc8qe2289nzr4e6vmdyzlke8g8fn8e75s,69.342202123,69342202123,/private/tmp/grc-p3-cand01-check/artifacts/epoch_272_reported_and_claimed_zero_reward.csv,huxuxuya/grc-p3-cand01@d2fe976,Devshard/high miss-rate zero-reward row; manual-review row is not in confirmed-six total.
P3-CAND-01-confirmed,P3-CAND-01,pending_estimate,confirmed_six,272,gonka1ce02jjduga8jvwj8jx39mxn0jr345vgkx7lk2n,1965.730685067,1965730685067,/private/tmp/grc-p3-cand01-check/artifacts/epoch_272_reported_and_claimed_zero_reward.csv,huxuxuya/grc-p3-cand01@d2fe976,Devshard/high miss-rate zero-reward row; manual-review row is not in confirmed-six total.
P3-CAND-06,P3-CAND-06,pending_estimate,included_before_overlap_review,272,gonka1fvly5jrewyjmjfgwah3khy9rttq4cqajcesv9p,365.340258948,365340258948,validations/P3-CAND-06-pre-fix-confirmation-accounting/case6_gross_compensation_calculation.csv,local validation package,Gross candidate amount; do not treat as approved payout until policy and overlap review are complete.
P4-GroupCap-source,P4-CAND-01,disputed_not_aggregate,groupcap_source_topup_model,272,gonka1gvrrhjmy4w4mayvs2s5l23edj8ertcmtd2v4zr,1839.120793628,1839120793628,validations/P4-CAND-01-kimi-restitution/source_cache/votkon_e272_compensation_272.csv,votkon/gonka-kimi-restitution@5462c55,P4 GroupCap source top-up model; committee must choose/reject model before payout.
P4-GroupCap-source,P4-CAND-01,disputed_not_aggregate,groupcap_source_topup_model,272,gonka1kx9mca3xm8u8ypzfuhmxey66u0ufxhs7nm6wc5,134.544571284,134544571284,validations/P4-CAND-01-kimi-restitution/source_cache/votkon_e272_compensation_272.csv,votkon/gonka-kimi-restitution@5462c55,P4 GroupCap source top-up model; committee must choose/reject model before payout.
P3-CAND-06,P3-CAND-06,pending_estimate,included_before_overlap_review,272,gonka1nku7u6d5mz80h35ty8ydeh0k5xydesvt9w0vjr,146.964070171,146964070171,validations/P3-CAND-06-pre-fix-confirmation-accounting/case6_gross_compensation_calculation.csv,local validation package,Gross candidate amount; do not treat as approved payout until policy and overlap review are complete.
P3-CAND-06,P3-CAND-06,pending_estimate,included_before_overlap_review,272,gonka1q5xt54wncgzk7dxv9x64uln68455g83wu9tugg,22521.036302544,22521036302544,validations/P3-CAND-06-pre-fix-confirmation-accounting/case6_gross_compensation_calculation.csv,local validation package,Gross candidate amount; do not treat as approved payout until policy and overlap review are complete.
P4-GroupCap-source,P4-CAND-01,disputed_not_aggregate,groupcap_source_topup_model,272,gonka1qa90tgczc0k5dvk4l5nvlf5y6phgm6mg22sfjv,7499.652397803,7499652397803,validations/P4-CAND-01-kimi-restitution/source_cache/votkon_e272_compensation_272.csv,votkon/gonka-kimi-restitution@5462c55,P4 GroupCap source top-up model; committee must choose/reject model before payout.
P4-GroupCap-source,P4-CAND-01,disputed_not_aggregate,groupcap_source_topup_model,272,gonka1tlvg4kjx7ljd5thgd5fkgh39q6lu8cmxupktgg,176.977859151,176977859151,validations/P4-CAND-01-kimi-restitution/source_cache/votkon_e272_compensation_272.csv,votkon/gonka-kimi-restitution@5462c55,P4 GroupCap source top-up model; committee must choose/reject model before payout.
P4-GroupCap-source,P4-CAND-01,disputed_not_aggregate,groupcap_source_topup_model,272,gonka1uhqpup9fev3zahlx6n326lp0krznc6usjtx6lu,3429.161637341,3429161637341,validations/P4-CAND-01-kimi-restitution/source_cache/votkon_e272_compensation_272.csv,votkon/gonka-kimi-restitution@5462c55,P4 GroupCap source top-up model; committee must choose/reject model before payout.
P4-GroupCap-source,P4-CAND-01,disputed_not_aggregate,groupcap_source_topup_model,272,gonka1wkgawwdzj623ss8eywayzdj6qcgr2llygactje,824.861717795,824861717795,validations/P4-CAND-01-kimi-restitution/source_cache/votkon_e272_compensation_272.csv,votkon/gonka-kimi-restitution@5462c55,P4 GroupCap source top-up model; committee must choose/reject model before payout.
P3-CAND-01-confirmed,P3-CAND-01,pending_estimate,confirmed_six,272,gonka1wt8sr9jxzpec65j7zkxsgh6edk3m6r8nlf5za4,8784.035574445,8784035574445,/private/tmp/grc-p3-cand01-check/artifacts/epoch_272_reported_and_claimed_zero_reward.csv,huxuxuya/grc-p3-cand01@d2fe976,Devshard/high miss-rate zero-reward row; manual-review row is not in confirmed-six total.
P4-GroupCap-source,P4-CAND-01,disputed_not_aggregate,groupcap_source_topup_model,272,gonka1xwkesaxvdadh9wt9yyladu0r260s7whklcktds,647.193886484,647193886484,validations/P4-CAND-01-kimi-restitution/source_cache/votkon_e272_compensation_272.csv,votkon/gonka-kimi-restitution@5462c55,P4 GroupCap source top-up model; committee must choose/reject model before payout.
P3-CAND-06,P3-CAND-06,pending_estimate,included_before_overlap_review,272,gonka1ym3np7guxart483yfdxnlztuazx22cjt0e4a2p,8037.485696859,8037485696859,validations/P3-CAND-06-pre-fix-confirmation-accounting/case6_gross_compensation_calculation.csv,local validation package,Gross candidate amount; do not treat as approved payout until policy and overlap review are complete.
P4-GroupCap-source,P4-CAND-01,disputed_not_aggregate,groupcap_source_topup_model,272,gonka1zktn8j65wlys8a8e38hqhf4y3x6m4x04zskkrx,300.482875868,300482875868,validations/P4-CAND-01-kimi-restitution/source_cache/votkon_e272_compensation_272.csv,votkon/gonka-kimi-restitution@5462c55,P4 GroupCap source top-up model; committee must choose/reject model before payout.
P4-GroupCap-source,P4-CAND-01,disputed_not_aggregate,groupcap_source_topup_model,273,gonka10079cnl3nuh2k82mhkm04dj0slhtw9kmjewwau,1489.004729083,1489004729083,validations/P4-CAND-01-kimi-restitution/source_cache/votkon_e273_compensation_273.csv,votkon/gonka-kimi-restitution@5462c55,P4 GroupCap source top-up model; committee must choose/reject model before payout.
P4-GroupCap-source,P4-CAND-01,disputed_not_aggregate,groupcap_source_topup_model,273,gonka1007dchuqgdnute4qam70kmn56j2vfw38mhyrqv,3367.470242835,3367470242835,validations/P4-CAND-01-kimi-restitution/source_cache/votkon_e273_compensation_273.csv,votkon/gonka-kimi-restitution@5462c55,P4 GroupCap source top-up model; committee must choose/reject model before payout.
P4-GroupCap-source,P4-CAND-01,disputed_not_aggregate,groupcap_source_topup_model,273,gonka1007g0ut3u4wjkay9hegqfev4pj90qgexwskmcw,3440.798113916,3440798113916,validations/P4-CAND-01-kimi-restitution/source_cache/votkon_e273_compensation_273.csv,votkon/gonka-kimi-restitution@5462c55,P4 GroupCap source top-up model; committee must choose/reject model before payout.
P4-GroupCap-source,P4-CAND-01,disputed_not_aggregate,groupcap_source_topup_model,273,gonka10mmdjau4dnj8krs7sh7t7635ttnmq9u3vqgz09,5880.820436298,5880820436298,validations/P4-CAND-01-kimi-restitution/source_cache/votkon_e273_compensation_273.csv,votkon/gonka-kimi-restitution@5462c55,P4 GroupCap source top-up model; committee must choose/reject model before payout.
P4-GroupCap-source,P4-CAND-01,disputed_not_aggregate,groupcap_source_topup_model,273,gonka14ljarev2nlzu4ej50vx7ylj2rvg4n20fnq2ysc,2323.670445311,2323670445311,validations/P4-CAND-01-kimi-restitution/source_cache/votkon_e273_compensation_273.csv,votkon/gonka-kimi-restitution@5462c55,P4 GroupCap source top-up model; committee must choose/reject model before payout.
P4-GroupCap-source,P4-CAND-01,disputed_not_aggregate,groupcap_source_topup_model,273,gonka168rtjfkszuhcggg4dfyse4yh7xn9zwfglnkns2,1690.282252764,1690282252764,validations/P4-CAND-01-kimi-restitution/source_cache/votkon_e273_compensation_273.csv,votkon/gonka-kimi-restitution@5462c55,P4 GroupCap source top-up model; committee must choose/reject model before payout.
P4-GroupCap-source,P4-CAND-01,disputed_not_aggregate,groupcap_source_topup_model,273,gonka1830lqug50lse998x2lakk4pj5ypfumz5pasz0y,2119.399947301,2119399947301,validations/P4-CAND-01-kimi-restitution/source_cache/votkon_e273_compensation_273.csv,votkon/gonka-kimi-restitution@5462c55,P4 GroupCap source top-up model; committee must choose/reject model before payout.
P4-GroupCap-source,P4-CAND-01,disputed_not_aggregate,groupcap_source_topup_model,273,gonka18xeqnspxpg2vncufnjne485rkaagwvz7whyn0d,2135.113062533,2135113062533,validations/P4-CAND-01-kimi-restitution/source_cache/votkon_e273_compensation_273.csv,votkon/gonka-kimi-restitution@5462c55,P4 GroupCap source top-up model; committee must choose/reject model before payout.
P4-GroupCap-source,P4-CAND-01,disputed_not_aggregate,groupcap_source_topup_model,273,gonka19cjm4c5mt3j3qdr8vhytmm4hef3pnkvkm0x7m2,3215.576795597,3215576795597,validations/P4-CAND-01-kimi-restitution/source_cache/votkon_e273_compensation_273.csv,votkon/gonka-kimi-restitution@5462c55,P4 GroupCap source top-up model; committee must choose/reject model before payout.
P4-GroupCap-source,P4-CAND-01,disputed_not_aggregate,groupcap_source_topup_model,273,gonka1ce02jjduga8jvwj8jx39mxn0jr345vgkx7lk2n,1039.310336029,1039310336029,validations/P4-CAND-01-kimi-restitution/source_cache/votkon_e273_compensation_273.csv,votkon/gonka-kimi-restitution@5462c55,P4 GroupCap source top-up model; committee must choose/reject model before payout.
P3-CAND-06,P3-CAND-06,pending_estimate,included_before_overlap_review,273,gonka1fvly5jrewyjmjfgwah3khy9rttq4cqajcesv9p,218.861247867,218861247867,validations/P3-CAND-06-pre-fix-confirmation-accounting/case6_gross_compensation_calculation.csv,local validation package,Gross candidate amount; do not treat as approved payout until policy and overlap review are complete.
P4-GroupCap-source,P4-CAND-01,disputed_not_aggregate,groupcap_source_topup_model,273,gonka1gvrrhjmy4w4mayvs2s5l23edj8ertcmtd2v4zr,5799.261885811,5799261885811,validations/P4-CAND-01-kimi-restitution/source_cache/votkon_e273_compensation_273.csv,votkon/gonka-kimi-restitution@5462c55,P4 GroupCap source top-up model; committee must choose/reject model before payout.
P4-GroupCap-source,P4-CAND-01,disputed_not_aggregate,groupcap_source_topup_model,273,gonka1l8jd2nz92mnem0xwgwkltcw2952cnlphs5arsa,2099.571492366,2099571492366,validations/P4-CAND-01-kimi-restitution/source_cache/votkon_e273_compensation_273.csv,votkon/gonka-kimi-restitution@5462c55,P4 GroupCap source top-up model; committee must choose/reject model before payout.
P4-GroupCap-source,P4-CAND-01,disputed_not_aggregate,groupcap_source_topup_model,273,gonka1q5xt54wncgzk7dxv9x64uln68455g83wu9tugg,1568.692670615,1568692670615,validations/P4-CAND-01-kimi-restitution/source_cache/votkon_e273_compensation_273.csv,votkon/gonka-kimi-restitution@5462c55,P4 GroupCap source top-up model; committee must choose/reject model before payout.
P4-GroupCap-source,P4-CAND-01,disputed_not_aggregate,groupcap_source_topup_model,273,gonka1qa90tgczc0k5dvk4l5nvlf5y6phgm6mg22sfjv,19169.626460683,19169626460683,validations/P4-CAND-01-kimi-restitution/source_cache/votkon_e273_compensation_273.csv,votkon/gonka-kimi-restitution@5462c55,P4 GroupCap source top-up model; committee must choose/reject model before payout.
P4-GroupCap-source,P4-CAND-01,disputed_not_aggregate,groupcap_source_topup_model,273,gonka1tlvg4kjx7ljd5thgd5fkgh39q6lu8cmxupktgg,540.231866532,540231866532,validations/P4-CAND-01-kimi-restitution/source_cache/votkon_e273_compensation_273.csv,votkon/gonka-kimi-restitution@5462c55,P4 GroupCap source top-up model; committee must choose/reject model before payout.
P4-GroupCap-source,P4-CAND-01,disputed_not_aggregate,groupcap_source_topup_model,273,gonka1uhqpup9fev3zahlx6n326lp0krznc6usjtx6lu,21958.330292490,21958330292490,validations/P4-CAND-01-kimi-restitution/source_cache/votkon_e273_compensation_273.csv,votkon/gonka-kimi-restitution@5462c55,P4 GroupCap source top-up model; committee must choose/reject model before payout.
P4-GroupCap-source,P4-CAND-01,disputed_not_aggregate,groupcap_source_topup_model,273,gonka1wkgawwdzj623ss8eywayzdj6qcgr2llygactje,2089.470204004,2089470204004,validations/P4-CAND-01-kimi-restitution/source_cache/votkon_e273_compensation_273.csv,votkon/gonka-kimi-restitution@5462c55,P4 GroupCap source top-up model; committee must choose/reject model before payout.
P4-GroupCap-source,P4-CAND-01,disputed_not_aggregate,groupcap_source_topup_model,273,gonka1wt8sr9jxzpec65j7zkxsgh6edk3m6r8nlf5za4,4217.100830711,4217100830711,validations/P4-CAND-01-kimi-restitution/source_cache/votkon_e273_compensation_273.csv,votkon/gonka-kimi-restitution@5462c55,P4 GroupCap source top-up model; committee must choose/reject model before payout.
P4-GroupCap-source,P4-CAND-01,disputed_not_aggregate,groupcap_source_topup_model,273,gonka1xwkesaxvdadh9wt9yyladu0r260s7whklcktds,2099.571492366,2099571492366,validations/P4-CAND-01-kimi-restitution/source_cache/votkon_e273_compensation_273.csv,votkon/gonka-kimi-restitution@5462c55,P4 GroupCap source top-up model; committee must choose/reject model before payout.
P3-CAND-06,P3-CAND-06,pending_estimate,included_before_overlap_review,273,gonka1zktn8j65wlys8a8e38hqhf4y3x6m4x04zskkrx,3018.788733411,3018788733411,validations/P3-CAND-06-pre-fix-confirmation-accounting/case6_gross_compensation_calculation.csv,local validation package,Gross candidate amount; do not treat as approved payout until policy and overlap review are complete.
P4-GroupCap-source,P4-CAND-01,disputed_not_aggregate,groupcap_source_topup_model,274,gonka10079cnl3nuh2k82mhkm04dj0slhtw9kmjewwau,5380.531223940,5380531223940,validations/P4-CAND-01-kimi-restitution/source_cache/votkon_e274_compensation_274.csv,votkon/gonka-kimi-restitution@5462c55,P4 GroupCap source top-up model; committee must choose/reject model before payout.
P4-GroupCap-source,P4-CAND-01,disputed_not_aggregate,groupcap_source_topup_model,274,gonka10mmdjau4dnj8krs7sh7t7635ttnmq9u3vqgz09,2375.026126150,2375026126150,validations/P4-CAND-01-kimi-restitution/source_cache/votkon_e274_compensation_274.csv,votkon/gonka-kimi-restitution@5462c55,P4 GroupCap source top-up model; committee must choose/reject model before payout.
P4-GroupCap-source,P4-CAND-01,disputed_not_aggregate,groupcap_source_topup_model,274,gonka14ljarev2nlzu4ej50vx7ylj2rvg4n20fnq2ysc,1220.998008459,1220998008459,validations/P4-CAND-01-kimi-restitution/source_cache/votkon_e274_compensation_274.csv,votkon/gonka-kimi-restitution@5462c55,P4 GroupCap source top-up model; committee must choose/reject model before payout.
P4-GroupCap-source,P4-CAND-01,disputed_not_aggregate,groupcap_source_topup_model,274,gonka1ce02jjduga8jvwj8jx39mxn0jr345vgkx7lk2n,714.098835250,714098835250,validations/P4-CAND-01-kimi-restitution/source_cache/votkon_e274_compensation_274.csv,votkon/gonka-kimi-restitution@5462c55,P4 GroupCap source top-up model; committee must choose/reject model before payout.
P3-CAND-06,P3-CAND-06,pending_estimate,included_before_overlap_review,274,gonka1fvly5jrewyjmjfgwah3khy9rttq4cqajcesv9p,137.269776102,137269776102,validations/P3-CAND-06-pre-fix-confirmation-accounting/case6_gross_compensation_calculation.csv,local validation package,Gross candidate amount; do not treat as approved payout until policy and overlap review are complete.
P4-GroupCap-source,P4-CAND-01,disputed_not_aggregate,groupcap_source_topup_model,274,gonka1gvrrhjmy4w4mayvs2s5l23edj8ertcmtd2v4zr,3590.844143057,3590844143057,validations/P4-CAND-01-kimi-restitution/source_cache/votkon_e274_compensation_274.csv,votkon/gonka-kimi-restitution@5462c55,P4 GroupCap source top-up model; committee must choose/reject model before payout.
P4-GroupCap-source,P4-CAND-01,disputed_not_aggregate,groupcap_source_topup_model,274,gonka1mmlyd5xxu5l68yx8wzclrkxkxvm88mhq5tp5s0,1201.388040444,1201388040444,validations/P4-CAND-01-kimi-restitution/source_cache/votkon_e274_compensation_274.csv,votkon/gonka-kimi-restitution@5462c55,P4 GroupCap source top-up model; committee must choose/reject model before payout.
P4-GroupCap-source,P4-CAND-01,disputed_not_aggregate,groupcap_source_topup_model,274,gonka1qa90tgczc0k5dvk4l5nvlf5y6phgm6mg22sfjv,12793.099133472,12793099133472,validations/P4-CAND-01-kimi-restitution/source_cache/votkon_e274_compensation_274.csv,votkon/gonka-kimi-restitution@5462c55,P4 GroupCap source top-up model; committee must choose/reject model before payout.
P3-CAND-06,P3-CAND-06,pending_estimate,included_before_overlap_review,274,gonka1qwfrtz9c7kcrfkrrlne2pkcye74mj6ce33xdkl,173.159717563,173159717563,validations/P3-CAND-06-pre-fix-confirmation-accounting/case6_gross_compensation_calculation.csv,local validation package,Gross candidate amount; do not treat as approved payout until policy and overlap review are complete.
P4-GroupCap-source,P4-CAND-01,disputed_not_aggregate,groupcap_source_topup_model,274,gonka1uhqpup9fev3zahlx6n326lp0krznc6usjtx6lu,14542.456280136,14542456280136,validations/P4-CAND-01-kimi-restitution/source_cache/votkon_e274_compensation_274.csv,votkon/gonka-kimi-restitution@5462c55,P4 GroupCap source top-up model; committee must choose/reject model before payout.
P4-GroupCap-source,P4-CAND-01,disputed_not_aggregate,groupcap_source_topup_model,275,gonka10079cnl3nuh2k82mhkm04dj0slhtw9kmjewwau,7802.962262997,7802962262997,validations/P4-CAND-01-kimi-restitution/source_cache/votkon_e275_compensation_275.csv,votkon/gonka-kimi-restitution@5462c55,P4 GroupCap source top-up model; committee must choose/reject model before payout.
P4-GroupCap-source,P4-CAND-01,disputed_not_aggregate,groupcap_source_topup_model,275,gonka10mmdjau4dnj8krs7sh7t7635ttnmq9u3vqgz09,3812.395676851,3812395676851,validations/P4-CAND-01-kimi-restitution/source_cache/votkon_e275_compensation_275.csv,votkon/gonka-kimi-restitution@5462c55,P4 GroupCap source top-up model; committee must choose/reject model before payout.
P4-GroupCap-source,P4-CAND-01,disputed_not_aggregate,groupcap_source_topup_model,275,gonka125n6kr5gvdup0lndfkps7t6rd6592panhrg3np,2093.027161239,2093027161239,validations/P4-CAND-01-kimi-restitution/source_cache/votkon_e275_compensation_275.csv,votkon/gonka-kimi-restitution@5462c55,P4 GroupCap source top-up model; committee must choose/reject model before payout.
P4-GroupCap-source,P4-CAND-01,disputed_not_aggregate,groupcap_source_topup_model,275,gonka15p7s7w2hx0y8095lddd4ummm2y0kwpwljk00aq,557.601830600,557601830600,validations/P4-CAND-01-kimi-restitution/source_cache/votkon_e275_compensation_275.csv,votkon/gonka-kimi-restitution@5462c55,P4 GroupCap source top-up model; committee must choose/reject model before payout.
P4-GroupCap-source,P4-CAND-01,disputed_not_aggregate,groupcap_source_topup_model,275,gonka1830lqug50lse998x2lakk4pj5ypfumz5pasz0y,2083.021883395,2083021883395,validations/P4-CAND-01-kimi-restitution/source_cache/votkon_e275_compensation_275.csv,votkon/gonka-kimi-restitution@5462c55,P4 GroupCap source top-up model; committee must choose/reject model before payout.
P3-CAND-06,P3-CAND-06,pending_estimate,included_before_overlap_review,275,gonka1fvly5jrewyjmjfgwah3khy9rttq4cqajcesv9p,126.220428182,126220428182,validations/P3-CAND-06-pre-fix-confirmation-accounting/case6_gross_compensation_calculation.csv,local validation package,Gross candidate amount; do not treat as approved payout until policy and overlap review are complete.
P4-GroupCap-source,P4-CAND-01,disputed_not_aggregate,groupcap_source_topup_model,275,gonka1gvrrhjmy4w4mayvs2s5l23edj8ertcmtd2v4zr,11600.350023082,11600350023082,validations/P4-CAND-01-kimi-restitution/source_cache/votkon_e275_compensation_275.csv,votkon/gonka-kimi-restitution@5462c55,P4 GroupCap source top-up model; committee must choose/reject model before payout.
P4-GroupCap-source,P4-CAND-01,disputed_not_aggregate,groupcap_source_topup_model,275,gonka1kx9mca3xm8u8ypzfuhmxey66u0ufxhs7nm6wc5,417.912759166,417912759166,validations/P4-CAND-01-kimi-restitution/source_cache/votkon_e275_compensation_275.csv,votkon/gonka-kimi-restitution@5462c55,P4 GroupCap source top-up model; committee must choose/reject model before payout.
P4-GroupCap-source,P4-CAND-01,disputed_not_aggregate,groupcap_source_topup_model,275,gonka1l8jd2nz92mnem0xwgwkltcw2952cnlphs5arsa,2067.629148251,2067629148251,validations/P4-CAND-01-kimi-restitution/source_cache/votkon_e275_compensation_275.csv,votkon/gonka-kimi-restitution@5462c55,P4 GroupCap source top-up model; committee must choose/reject model before payout.
P4-GroupCap-source,P4-CAND-01,disputed_not_aggregate,groupcap_source_topup_model,275,gonka1mmlyd5xxu5l68yx8wzclrkxkxvm88mhq5tp5s0,2074.940697444,2074940697444,validations/P4-CAND-01-kimi-restitution/source_cache/votkon_e275_compensation_275.csv,votkon/gonka-kimi-restitution@5462c55,P4 GroupCap source top-up model; committee must choose/reject model before payout.
P4-GroupCap-source,P4-CAND-01,disputed_not_aggregate,groupcap_source_topup_model,275,gonka1q5xt54wncgzk7dxv9x64uln68455g83wu9tugg,942.035390827,942035390827,validations/P4-CAND-01-kimi-restitution/source_cache/votkon_e275_compensation_275.csv,votkon/gonka-kimi-restitution@5462c55,P4 GroupCap source top-up model; committee must choose/reject model before payout.
P4-GroupCap-source,P4-CAND-01,disputed_not_aggregate,groupcap_source_topup_model,275,gonka1qa90tgczc0k5dvk4l5nvlf5y6phgm6mg22sfjv,18560.944855310,18560944855310,validations/P4-CAND-01-kimi-restitution/source_cache/votkon_e275_compensation_275.csv,votkon/gonka-kimi-restitution@5462c55,P4 GroupCap source top-up model; committee must choose/reject model before payout.
P4-GroupCap-source,P4-CAND-01,disputed_not_aggregate,groupcap_source_topup_model,275,gonka1scskt6wpnjnumsah6kjphmdu87vjgvcxmn4rxv,3834.715142810,3834715142810,validations/P4-CAND-01-kimi-restitution/source_cache/votkon_e275_compensation_275.csv,votkon/gonka-kimi-restitution@5462c55,P4 GroupCap source top-up model; committee must choose/reject model before payout.
P4-GroupCap-source,P4-CAND-01,disputed_not_aggregate,groupcap_source_topup_model,275,gonka1tlvg4kjx7ljd5thgd5fkgh39q6lu8cmxupktgg,356.341818589,356341818589,validations/P4-CAND-01-kimi-restitution/source_cache/votkon_e275_compensation_275.csv,votkon/gonka-kimi-restitution@5462c55,P4 GroupCap source top-up model; committee must choose/reject model before payout.
P4-GroupCap-source,P4-CAND-01,disputed_not_aggregate,groupcap_source_topup_model,275,gonka1uhqpup9fev3zahlx6n326lp0krznc6usjtx6lu,24286.657510591,24286657510591,validations/P4-CAND-01-kimi-restitution/source_cache/votkon_e275_compensation_275.csv,votkon/gonka-kimi-restitution@5462c55,P4 GroupCap source top-up model; committee must choose/reject model before payout.
P4-GroupCap-source,P4-CAND-01,disputed_not_aggregate,groupcap_source_topup_model,275,gonka1ujnc662v6g69jm6fgxnr79a2m7ehzeut059239,5197.741839833,5197741839833,validations/P4-CAND-01-kimi-restitution/source_cache/votkon_e275_compensation_275.csv,votkon/gonka-kimi-restitution@5462c55,P4 GroupCap source top-up model; committee must choose/reject model before payout.
P4-GroupCap-source,P4-CAND-01,disputed_not_aggregate,groupcap_source_topup_model,275,gonka1wt8sr9jxzpec65j7zkxsgh6edk3m6r8nlf5za4,2252.341969982,2252341969982,validations/P4-CAND-01-kimi-restitution/source_cache/votkon_e275_compensation_275.csv,votkon/gonka-kimi-restitution@5462c55,P4 GroupCap source top-up model; committee must choose/reject model before payout.
P4-GroupCap-source,P4-CAND-01,disputed_not_aggregate,groupcap_source_topup_model,275,gonka1yal0ysgzc860zt3y8cds8656tnueusgymftvkw,2044.155227155,2044155227155,validations/P4-CAND-01-kimi-restitution/source_cache/votkon_e275_compensation_275.csv,votkon/gonka-kimi-restitution@5462c55,P4 GroupCap source top-up model; committee must choose/reject model before payout.
P3-CAND-04,P3-CAND-04,pending_estimate_revalidation_required,partial_cpoc_damage,276,gonka10079cnl3nuh2k82mhkm04dj0slhtw9kmjewwau,3617.119418189,3617119418189,/private/tmp/payout276-check/payout_276.csv,gonkavip/payout276@b393de8,Current payout276 source amount; changed from older locally validated CSV.
P4-GroupCap-source,P4-CAND-01,disputed_not_aggregate,groupcap_source_topup_model,276,gonka10079cnl3nuh2k82mhkm04dj0slhtw9kmjewwau,3427.176240497,3427176240497,validations/P4-CAND-01-kimi-restitution/source_cache/votkon_e276_compensation_276.csv,votkon/gonka-kimi-restitution@5462c55,P4 GroupCap source top-up model; committee must choose/reject model before payout.
P3-CAND-04,P3-CAND-04,pending_estimate_revalidation_required,failed_cpoc_full_drop,276,gonka10mmdjau4dnj8krs7sh7t7635ttnmq9u3vqgz09,16028.213179615,16028213179615,/private/tmp/payout276-check/payout_276.csv,gonkavip/payout276@b393de8,Current payout276 source amount; changed from older locally validated CSV.
P3-CAND-06,P3-CAND-06,pending_estimate,included_before_overlap_review,276,gonka10mmdjau4dnj8krs7sh7t7635ttnmq9u3vqgz09,17356.095656742,17356095656742,validations/P3-CAND-06-pre-fix-confirmation-accounting/case6_gross_compensation_calculation.csv,local validation package,Gross candidate amount; do not treat as approved payout until policy and overlap review are complete.
P3-CAND-04,P3-CAND-04,pending_estimate_revalidation_required,partial_cpoc_damage,276,gonka14ljarev2nlzu4ej50vx7ylj2rvg4n20fnq2ysc,79.662604523,79662604523,/private/tmp/payout276-check/payout_276.csv,gonkavip/payout276@b393de8,Current payout276 source amount; changed from older locally validated CSV.
P3-CAND-06,P3-CAND-06,pending_estimate,included_before_overlap_review,276,gonka14tqh62mangwzrma2lgg2dm375rcjzn2ydy8ttm,11765.489995489,11765489995489,validations/P3-CAND-06-pre-fix-confirmation-accounting/case6_gross_compensation_calculation.csv,local validation package,Gross candidate amount; do not treat as approved payout until policy and overlap review are complete.
P3-CAND-04,P3-CAND-04,pending_estimate_revalidation_required,partial_cpoc_damage,276,gonka168rtjfkszuhcggg4dfyse4yh7xn9zwfglnkns2,34.245204993,34245204993,/private/tmp/payout276-check/payout_276.csv,gonkavip/payout276@b393de8,Current payout276 source amount; changed from older locally validated CSV.
P4-GroupCap-source,P4-CAND-01,disputed_not_aggregate,groupcap_source_topup_model,276,gonka168rtjfkszuhcggg4dfyse4yh7xn9zwfglnkns2,1590.871839692,1590871839692,validations/P4-CAND-01-kimi-restitution/source_cache/votkon_e276_compensation_276.csv,votkon/gonka-kimi-restitution@5462c55,P4 GroupCap source top-up model; committee must choose/reject model before payout.
P3-CAND-04,P3-CAND-04,pending_estimate_revalidation_required,failed_cpoc_full_drop,276,gonka17pw6099q758qwzewtrqmqpf5c2lrhr97fwqexu,923.163292052,923163292052,/private/tmp/payout276-check/payout_276.csv,gonkavip/payout276@b393de8,Current payout276 source amount; changed from older locally validated CSV.
P3-CAND-04,P3-CAND-04,pending_estimate_revalidation_required,failed_cpoc_full_drop,276,gonka1amlmhjym02shahjv8ldmupg4cx0qc66q6f85rj,217.372045879,217372045879,/private/tmp/payout276-check/payout_276.csv,gonkavip/payout276@b393de8,Current payout276 source amount; changed from older locally validated CSV.
P3-CAND-04,P3-CAND-04,pending_estimate_revalidation_required,partial_cpoc_damage,276,gonka1ce02jjduga8jvwj8jx39mxn0jr345vgkx7lk2n,9.957825565,9957825565,/private/tmp/payout276-check/payout_276.csv,gonkavip/payout276@b393de8,Current payout276 source amount; changed from older locally validated CSV.
P3-CAND-04,P3-CAND-04,pending_estimate_revalidation_required,failed_cpoc_full_drop,276,gonka1d694r00czmq75txghwjcuk07lxvc8d4ekgsha0,113.179188133,113179188133,/private/tmp/payout276-check/payout_276.csv,gonkavip/payout276@b393de8,Current payout276 source amount; changed from older locally validated CSV.
P3-CAND-04,P3-CAND-04,pending_estimate_revalidation_required,partial_cpoc_damage,276,gonka1duuaqdx06sx8v2dzggltwwmqyuw8lvjkjq7xll,161.268199400,161268199400,/private/tmp/payout276-check/payout_276.csv,gonkavip/payout276@b393de8,Current payout276 source amount; changed from older locally validated CSV.
P3-CAND-06,P3-CAND-06,pending_estimate,included_before_overlap_review,276,gonka1f0u3y2wneer8zhz3ypw4x54h38cpa0qsy8ts3e,3557.528990032,3557528990032,validations/P3-CAND-06-pre-fix-confirmation-accounting/case6_gross_compensation_calculation.csv,local validation package,Gross candidate amount; do not treat as approved payout until policy and overlap review are complete.
P3-CAND-04,P3-CAND-04,pending_estimate_revalidation_required,partial_cpoc_damage,276,gonka1fvly5jrewyjmjfgwah3khy9rttq4cqajcesv9p,0.728621382,728621382,/private/tmp/payout276-check/payout_276.csv,gonkavip/payout276@b393de8,Current payout276 source amount; changed from older locally validated CSV.
P3-CAND-04,P3-CAND-04,pending_estimate_revalidation_required,partial_cpoc_damage,276,gonka1gvrrhjmy4w4mayvs2s5l23edj8ertcmtd2v4zr,3390.761041922,3390761041922,/private/tmp/payout276-check/payout_276.csv,gonkavip/payout276@b393de8,Current payout276 source amount; changed from older locally validated CSV.
P4-GroupCap-source,P4-CAND-01,disputed_not_aggregate,groupcap_source_topup_model,276,gonka1gvrrhjmy4w4mayvs2s5l23edj8ertcmtd2v4zr,5081.270939637,5081270939637,validations/P4-CAND-01-kimi-restitution/source_cache/votkon_e276_compensation_276.csv,votkon/gonka-kimi-restitution@5462c55,P4 GroupCap source top-up model; committee must choose/reject model before payout.
P3-CAND-04,P3-CAND-04,pending_estimate_revalidation_required,failed_cpoc_full_drop,276,gonka1gyk0aahvr3qeju4zx0nplfreej6cy4jjk8svc5,83.791459026,83791459026,/private/tmp/payout276-check/payout_276.csv,gonkavip/payout276@b393de8,Current payout276 source amount; changed from older locally validated CSV.
P3-CAND-04,P3-CAND-04,pending_estimate_revalidation_required,partial_cpoc_damage,276,gonka1kx9mca3xm8u8ypzfuhmxey66u0ufxhs7nm6wc5,10.929320742,10929320742,/private/tmp/payout276-check/payout_276.csv,gonkavip/payout276@b393de8,Current payout276 source amount; changed from older locally validated CSV.
P4-GroupCap-source,P4-CAND-01,disputed_not_aggregate,groupcap_source_topup_model,276,gonka1kx9mca3xm8u8ypzfuhmxey66u0ufxhs7nm6wc5,351.632757601,351632757601,validations/P4-CAND-01-kimi-restitution/source_cache/votkon_e276_compensation_276.csv,votkon/gonka-kimi-restitution@5462c55,P4 GroupCap source top-up model; committee must choose/reject model before payout.
P3-CAND-04,P3-CAND-04,pending_estimate_revalidation_required,failed_cpoc_full_drop,276,gonka1mmlyd5xxu5l68yx8wzclrkxkxvm88mhq5tp5s0,3540.857046786,3540857046786,/private/tmp/payout276-check/payout_276.csv,gonkavip/payout276@b393de8,Current payout276 source amount; changed from older locally validated CSV.
P4-GroupCap-source,P4-CAND-01,disputed_not_aggregate,groupcap_source_topup_model,276,gonka1q5xt54wncgzk7dxv9x64uln68455g83wu9tugg,673.074823893,673074823893,validations/P4-CAND-01-kimi-restitution/source_cache/votkon_e276_compensation_276.csv,votkon/gonka-kimi-restitution@5462c55,P4 GroupCap source top-up model; committee must choose/reject model before payout.
P4-GroupCap-source,P4-CAND-01,disputed_not_aggregate,groupcap_source_topup_model,276,gonka1qa90tgczc0k5dvk4l5nvlf5y6phgm6mg22sfjv,15284.659048328,15284659048328,validations/P4-CAND-01-kimi-restitution/source_cache/votkon_e276_compensation_276.csv,votkon/gonka-kimi-restitution@5462c55,P4 GroupCap source top-up model; committee must choose/reject model before payout.
P3-CAND-04,P3-CAND-04,pending_estimate_revalidation_required,partial_cpoc_damage,276,gonka1rcpc45n6zch9qlkn4m3cwngekad89xu8mcr09v,2.914485531,2914485531,/private/tmp/payout276-check/payout_276.csv,gonkavip/payout276@b393de8,Current payout276 source amount; changed from older locally validated CSV.
P3-CAND-04,P3-CAND-04,pending_estimate_revalidation_required,partial_cpoc_damage,276,gonka1scskt6wpnjnumsah6kjphmdu87vjgvcxmn4rxv,3342.429156860,3342429156860,/private/tmp/payout276-check/payout_276.csv,gonkavip/payout276@b393de8,Current payout276 source amount; changed from older locally validated CSV.
P4-GroupCap-source,P4-CAND-01,disputed_not_aggregate,groupcap_source_topup_model,276,gonka1scskt6wpnjnumsah6kjphmdu87vjgvcxmn4rxv,1811.086293948,1811086293948,validations/P4-CAND-01-kimi-restitution/source_cache/votkon_e276_compensation_276.csv,votkon/gonka-kimi-restitution@5462c55,P4 GroupCap source top-up model; committee must choose/reject model before payout.
P4-GroupCap-source,P4-CAND-01,disputed_not_aggregate,groupcap_source_topup_model,276,gonka1tlvg4kjx7ljd5thgd5fkgh39q6lu8cmxupktgg,243.301453492,243301453492,validations/P4-CAND-01-kimi-restitution/source_cache/votkon_e276_compensation_276.csv,votkon/gonka-kimi-restitution@5462c55,P4 GroupCap source top-up model; committee must choose/reject model before payout.
P3-CAND-04,P3-CAND-04,pending_estimate_revalidation_required,failed_cpoc_full_drop,276,gonka1u4zxypjgcr8khlzefwjr0vwdaj2uzruw2cehj3,246.274027398,246274027398,/private/tmp/payout276-check/payout_276.csv,gonkavip/payout276@b393de8,Current payout276 source amount; changed from older locally validated CSV.
P4-GroupCap-source,P4-CAND-01,disputed_not_aggregate,groupcap_source_topup_model,276,gonka1uhqpup9fev3zahlx6n326lp0krznc6usjtx6lu,18231.625704708,18231625704708,validations/P4-CAND-01-kimi-restitution/source_cache/votkon_e276_compensation_276.csv,votkon/gonka-kimi-restitution@5462c55,P4 GroupCap source top-up model; committee must choose/reject model before payout.
P3-CAND-06,P3-CAND-06,pending_estimate,included_before_overlap_review,276,gonka1ujnc662v6g69jm6fgxnr79a2m7ehzeut059239,10120.274911440,10120274911440,validations/P3-CAND-06-pre-fix-confirmation-accounting/case6_gross_compensation_calculation.csv,local validation package,Gross candidate amount; do not treat as approved payout until policy and overlap review are complete.
P4-GroupCap-source,P4-CAND-01,disputed_not_aggregate,groupcap_source_topup_model,276,gonka1wt8sr9jxzpec65j7zkxsgh6edk3m6r8nlf5za4,1800.430755838,1800430755838,validations/P4-CAND-01-kimi-restitution/source_cache/votkon_e276_compensation_276.csv,votkon/gonka-kimi-restitution@5462c55,P4 GroupCap source top-up model; committee must choose/reject model before payout.
P3-CAND-04,P3-CAND-04,pending_estimate_revalidation_required,partial_cpoc_damage,276,gonka1yal0ysgzc860zt3y8cds8656tnueusgymftvkw,49.060506444,49060506444,/private/tmp/payout276-check/payout_276.csv,gonkavip/payout276@b393de8,Current payout276 source amount; changed from older locally validated CSV.
P4-GroupCap-source,P4-CAND-01,disputed_not_aggregate,groupcap_source_topup_model,276,gonka1yal0ysgzc860zt3y8cds8656tnueusgymftvkw,1786.223371693,1786223371693,validations/P4-CAND-01-kimi-restitution/source_cache/votkon_e276_compensation_276.csv,votkon/gonka-kimi-restitution@5462c55,P4 GroupCap source top-up model; committee must choose/reject model before payout.
P3-CAND-04,P3-CAND-04,pending_estimate_revalidation_required,partial_cpoc_damage,276,gonka1zktn8j65wlys8a8e38hqhf4y3x6m4x04zskkrx,578.039630382,578039630382,/private/tmp/payout276-check/payout_276.csv,gonkavip/payout276@b393de8,Current payout276 source amount; changed from older locally validated CSV.
