case_track,case_family,status_groups,component_rows,unique_positive_addresses,epochs_present,epoch_97_gonka,epoch_112_gonka,epoch_116_gonka,epoch_129_gonka,epoch_132_gonka,epoch_265_gonka,epoch_267_gonka,epoch_272_gonka,epoch_276_gonka
P3-CAND-01-confirmed,P3-CAND-01,pending_estimate,6,6,272,,,,,,,,35040.581153560,
P3-CAND-01-manual-review,P3-CAND-01,pending_estimate,1,1,272,,,,,,,,69.342202123,
P3-CAND-02,P3-CAND-02,local_validated_recommended,19,19,"97,112,116,129,132",8.432384134,7.993576578,1037.343139724,7.470360710,14.096689777,,,,
P3-CAND-03,P3-CAND-03,local_validated_recommended,1,1,267,,,,,,,10262.057515369,,
P3-CAND-03-EXT,P3-CAND-03,local_validated_recommended,1,1,265,,,,,,20896.527179100,,,
P3-CAND-04,P3-CAND-04,pending_estimate_revalidation_required,19,19,276,,,,,,,,,32429.966254822
P4-GroupCap-source,P4-CAND-01,disputed_not_aggregate,6,6,276,,,,,,,,,14048.261443068
P4-e265-source-cpoc,P4-CAND-01,disputed_not_aggregate,1,1,265,,,,,,20896.527179100,,,
TOTAL,,,54,44,"97,112,116,129,132,265,267,272,276",8.432384134,7.993576578,1037.343139724,7.470360710,14.096689777,41793.054358200,10262.057515369,35109.923355683,46478.227697890
