epoch,address,row_count,case_family_count,total_amount_gonka_if_naively_summed,case_tracks,amounts_gonka,status_groups,source_scopes,recommended_action,notes
265,gonka1j7x6dv42xehe9e5au4ku3wvzwtqlegfjhlvzj6,2,2,41793.054358200,P3-CAND-03-EXT; P4-e265-source-cpoc,20896.527179100; 20896.527179100,local_validated_recommended; disputed_not_aggregate,same_address_epoch_265_extension; e265_cpoc_attack_attributed,dedupe_against_p4_before_any_p4_vote_or_payout,Same-address Kimi cPoC shortfall extension recommended for Case 3. | P4 source e265 cPoC/attack-attributed row; aggregate is disputed.
266,gonka14ef2pxjge75gflqftn7m2wy0xv59gq9uc7qnct,2,1,276.414090986,P4-e266-delegation; P4-e266-nonce,15.595183567; 260.818907419,pending_estimate; pending_estimate,e266_delegation_scope; e266_nonce_scope,internal_p4_e266_component_overlap_review,P4 source e266 delegation row; compensability split still under review. | P4 source e266 nonce-scope row; compensability split still under review.
276,gonka10079cnl3nuh2k82mhkm04dj0slhtw9kmjewwau,2,2,7044.295658686,P3-CAND-04; P4-GroupCap-source,3617.119418189; 3427.176240497,pending_estimate_revalidation_required; disputed_not_aggregate,partial_cpoc_damage; groupcap_source_topup_model,dedupe_against_p4_before_any_p4_vote_or_payout,Current payout276 source amount; changed from older locally validated CSV. | P4 GroupCap source top-up model; committee must choose/reject model before payout.
276,gonka10mmdjau4dnj8krs7sh7t7635ttnmq9u3vqgz09,2,2,33384.308836357,P3-CAND-04; P3-CAND-06,16028.213179615; 17356.095656742,pending_estimate_revalidation_required; pending_estimate,failed_cpoc_full_drop; included_before_overlap_review,case4_case6_overlap_review,Current payout276 source amount; changed from older locally validated CSV. | Gross candidate amount; do not treat as approved payout until policy and overlap review are complete.
276,gonka168rtjfkszuhcggg4dfyse4yh7xn9zwfglnkns2,2,2,1625.117044685,P3-CAND-04; P4-GroupCap-source,34.245204993; 1590.871839692,pending_estimate_revalidation_required; disputed_not_aggregate,partial_cpoc_damage; groupcap_source_topup_model,dedupe_against_p4_before_any_p4_vote_or_payout,Current payout276 source amount; changed from older locally validated CSV. | P4 GroupCap source top-up model; committee must choose/reject model before payout.
276,gonka1gvrrhjmy4w4mayvs2s5l23edj8ertcmtd2v4zr,2,2,8472.031981559,P3-CAND-04; P4-GroupCap-source,3390.761041922; 5081.270939637,pending_estimate_revalidation_required; disputed_not_aggregate,partial_cpoc_damage; groupcap_source_topup_model,dedupe_against_p4_before_any_p4_vote_or_payout,Current payout276 source amount; changed from older locally validated CSV. | P4 GroupCap source top-up model; committee must choose/reject model before payout.
276,gonka1kx9mca3xm8u8ypzfuhmxey66u0ufxhs7nm6wc5,2,2,362.562078343,P3-CAND-04; P4-GroupCap-source,10.929320742; 351.632757601,pending_estimate_revalidation_required; disputed_not_aggregate,partial_cpoc_damage; groupcap_source_topup_model,dedupe_against_p4_before_any_p4_vote_or_payout,Current payout276 source amount; changed from older locally validated CSV. | P4 GroupCap source top-up model; committee must choose/reject model before payout.
276,gonka1scskt6wpnjnumsah6kjphmdu87vjgvcxmn4rxv,2,2,5153.515450808,P3-CAND-04; P4-GroupCap-source,3342.429156860; 1811.086293948,pending_estimate_revalidation_required; disputed_not_aggregate,partial_cpoc_damage; groupcap_source_topup_model,dedupe_against_p4_before_any_p4_vote_or_payout,Current payout276 source amount; changed from older locally validated CSV. | P4 GroupCap source top-up model; committee must choose/reject model before payout.
276,gonka1yal0ysgzc860zt3y8cds8656tnueusgymftvkw,2,2,1835.283878137,P3-CAND-04; P4-GroupCap-source,49.060506444; 1786.223371693,pending_estimate_revalidation_required; disputed_not_aggregate,partial_cpoc_damage; groupcap_source_topup_model,dedupe_against_p4_before_any_p4_vote_or_payout,Current payout276 source amount; changed from older locally validated CSV. | P4 GroupCap source top-up model; committee must choose/reject model before payout.
